Price,Close,High,Low,Open,Volume
Ticker,DRREDDY.NS,DRREDDY.NS,DRREDDY.NS,DRREDDY.NS,DRREDDY.NS
Datetime,,,,,
2026-02-24 03:45:00+00:00,1310.0,1312.5,1306.199951171875,1309.5,36471
2026-02-24 04:00:00+00:00,1311.800048828125,1311.800048828125,1307.699951171875,1309.5999755859375,60482
2026-02-24 04:15:00+00:00,1312.300048828125,1313.5999755859375,1310.199951171875,1311.800048828125,53684
2026-02-24 04:30:00+00:00,1310.0,1315.0,1308.0,1312.4000244140625,103841
2026-02-24 04:45:00+00:00,1307.5999755859375,1310.0999755859375,1303.9000244140625,1309.9000244140625,40582
2026-02-24 05:00:00+00:00,1306.199951171875,1307.0999755859375,1305.699951171875,1307.0,24084
2026-02-24 05:15:00+00:00,1304.0999755859375,1305.9000244140625,1301.4000244140625,1305.5999755859375,38817
2026-02-24 05:30:00+00:00,1303.9000244140625,1305.300048828125,1303.0,1304.0999755859375,28815
2026-02-24 05:45:00+00:00,1307.0999755859375,1307.300048828125,1303.0,1303.9000244140625,56042
2026-02-24 06:00:00+00:00,1307.0,1308.800048828125,1306.5999755859375,1307.4000244140625,52117
2026-02-24 06:15:00+00:00,1304.5999755859375,1307.300048828125,1302.800048828125,1306.5999755859375,92505
2026-02-24 06:30:00+00:00,1306.9000244140625,1307.4000244140625,1304.0,1304.5,37395
2026-02-24 06:45:00+00:00,1303.0999755859375,1306.9000244140625,1302.300048828125,1306.9000244140625,39924
2026-02-24 07:00:00+00:00,1306.4000244140625,1306.699951171875,1302.5,1303.300048828125,29242
2026-02-24 07:15:00+00:00,1307.0,1307.0999755859375,1305.5,1306.5,44557
2026-02-24 07:30:00+00:00,1305.0999755859375,1307.199951171875,1304.300048828125,1307.0,37146
2026-02-24 07:45:00+00:00,1305.0,1306.4000244140625,1304.0,1305.199951171875,34486
2026-02-24 08:00:00+00:00,1304.0,1305.4000244140625,1302.9000244140625,1304.699951171875,61204
2026-02-24 08:15:00+00:00,1306.0,1306.0,1303.9000244140625,1303.9000244140625,39968
2026-02-24 08:30:00+00:00,1304.5999755859375,1306.0,1303.199951171875,1306.0,38841
2026-02-24 08:45:00+00:00,1303.5,1305.0,1302.5999755859375,1304.699951171875,65985
2026-02-24 09:00:00+00:00,1302.5,1305.800048828125,1302.5,1303.5,58206
2026-02-24 09:15:00+00:00,1305.5999755859375,1306.300048828125,1301.9000244140625,1302.4000244140625,70188
2026-02-24 09:30:00+00:00,1299.199951171875,1306.0,1297.699951171875,1306.0,340686
2026-02-24 09:45:00+00:00,1300.199951171875,1303.699951171875,1297.0999755859375,1299.199951171875,265239
2026-02-25 03:45:00+00:00,1278.0,1278.699951171875,1266.9000244140625,1278.0999755859375,112356
2026-02-25 04:00:00+00:00,1280.5999755859375,1287.0999755859375,1276.5999755859375,1278.0,134488
2026-02-25 04:15:00+00:00,1285.0999755859375,1286.800048828125,1278.800048828125,1281.0,63937
2026-02-25 04:30:00+00:00,1287.9000244140625,1289.699951171875,1285.0,1285.5,46048
2026-02-25 04:45:00+00:00,1294.199951171875,1296.5999755859375,1288.0,1288.0,70363
2026-02-25 05:00:00+00:00,1298.800048828125,1304.0,1292.800048828125,1294.5,79351
2026-02-25 05:15:00+00:00,1300.800048828125,1301.0,1296.0999755859375,1299.0,39312
2026-02-25 05:30:00+00:00,1307.0,1309.800048828125,1300.5,1300.800048828125,48299
2026-02-25 05:45:00+00:00,1316.0,1316.800048828125,1306.0,1307.0,68900
2026-02-25 06:00:00+00:00,1309.0999755859375,1316.0,1308.5,1316.0,70262
2026-02-25 06:15:00+00:00,1319.0,1321.199951171875,1309.0,1309.300048828125,109497
2026-02-25 06:30:00+00:00,1315.699951171875,1319.9000244140625,1314.0,1319.0,94672
2026-02-25 06:45:00+00:00,1322.0,1322.0,1313.699951171875,1315.699951171875,60341
2026-02-25 07:00:00+00:00,1317.5999755859375,1324.0,1316.9000244140625,1321.5,65494
2026-02-25 07:15:00+00:00,1314.199951171875,1318.5,1313.199951171875,1317.5999755859375,58331
2026-02-25 07:30:00+00:00,1314.0,1314.9000244140625,1310.800048828125,1314.0,34993
2026-02-25 07:45:00+00:00,1310.0,1315.4000244140625,1309.0,1313.699951171875,44792
2026-02-25 08:00:00+00:00,1305.300048828125,1310.0999755859375,1304.9000244140625,1310.0,73024
2026-02-25 08:15:00+00:00,1303.4000244140625,1307.699951171875,1303.0999755859375,1304.9000244140625,91205
2026-02-25 08:30:00+00:00,1300.5999755859375,1303.4000244140625,1298.0,1303.4000244140625,58586
2026-02-25 08:45:00+00:00,1305.199951171875,1306.0,1300.4000244140625,1300.5999755859375,96783
2026-02-25 09:00:00+00:00,1303.199951171875,1306.0,1302.0999755859375,1305.800048828125,79251
2026-02-25 09:15:00+00:00,1306.0,1306.0,1303.0999755859375,1303.300048828125,82640
2026-02-25 09:30:00+00:00,1307.0,1308.0,1305.0,1306.5,185877
2026-02-25 09:45:00+00:00,1305.300048828125,1307.4000244140625,1305.0,1307.0999755859375,198362
2026-02-26 03:45:00+00:00,1313.4000244140625,1314.800048828125,1305.4000244140625,1311.199951171875,32701
2026-02-26 04:00:00+00:00,1312.199951171875,1323.0999755859375,1312.0,1313.4000244140625,81074
2026-02-26 04:15:00+00:00,1323.5,1326.800048828125,1311.5999755859375,1311.5999755859375,116089
2026-02-26 04:30:00+00:00,1322.0,1324.0,1318.199951171875,1323.699951171875,65226
2026-02-26 04:45:00+00:00,1316.9000244140625,1322.0,1314.0,1322.0,43589
2026-02-26 05:00:00+00:00,1317.199951171875,1319.699951171875,1316.0,1316.0999755859375,25655
2026-02-26 05:15:00+00:00,1311.4000244140625,1317.199951171875,1311.300048828125,1317.199951171875,37717
2026-02-26 05:30:00+00:00,1312.699951171875,1314.5999755859375,1311.0,1311.4000244140625,38506
2026-02-26 05:45:00+00:00,1315.0999755859375,1319.699951171875,1312.300048828125,1312.300048828125,71440
2026-02-26 06:00:00+00:00,1309.5,1315.5999755859375,1308.4000244140625,1315.0999755859375,72968
2026-02-26 06:15:00+00:00,1310.199951171875,1311.5,1308.199951171875,1309.800048828125,31615
2026-02-26 06:30:00+00:00,1311.0,1313.300048828125,1308.800048828125,1310.5999755859375,37458
2026-02-26 06:45:00+00:00,1310.5,1312.699951171875,1309.0,1311.0999755859375,28144
2026-02-26 07:00:00+00:00,1311.5,1311.5999755859375,1309.0999755859375,1310.5,35570
2026-02-26 07:15:00+00:00,1311.5999755859375,1311.9000244140625,1310.199951171875,1311.5,17778
2026-02-26 07:30:00+00:00,1312.199951171875,1313.0,1311.0,1311.5999755859375,14279
2026-02-26 07:45:00+00:00,1315.5999755859375,1317.0,1312.0,1312.199951171875,59051
2026-02-26 08:00:00+00:00,1315.5,1318.5,1314.5999755859375,1315.5999755859375,24281
2026-02-26 08:15:00+00:00,1316.300048828125,1316.699951171875,1313.800048828125,1315.5,45847
2026-02-26 08:30:00+00:00,1318.5,1319.800048828125,1314.5999755859375,1316.9000244140625,34441
2026-02-26 08:45:00+00:00,1317.699951171875,1319.0,1315.9000244140625,1318.5,53205
2026-02-26 09:00:00+00:00,1316.0,1318.0,1312.0999755859375,1317.699951171875,34568
2026-02-26 09:15:00+00:00,1317.300048828125,1318.0,1315.199951171875,1316.0,53279
2026-02-26 09:30:00+00:00,1318.0,1320.800048828125,1316.9000244140625,1317.300048828125,218657
2026-02-26 09:45:00+00:00,1319.300048828125,1322.0,1316.0,1318.0999755859375,214652
2026-02-27 03:45:00+00:00,1304.4000244140625,1313.9000244140625,1303.800048828125,1313.9000244140625,32020
2026-02-27 04:00:00+00:00,1304.5,1307.4000244140625,1303.300048828125,1304.300048828125,51333
2026-02-27 04:15:00+00:00,1298.0999755859375,1307.5,1297.5,1304.9000244140625,74458
2026-02-27 04:30:00+00:00,1297.4000244140625,1300.0,1296.0,1298.199951171875,75914
2026-02-27 04:45:00+00:00,1293.9000244140625,1298.699951171875,1293.699951171875,1297.4000244140625,50081
2026-02-27 05:00:00+00:00,1287.800048828125,1295.5999755859375,1287.300048828125,1293.9000244140625,68698
2026-02-27 05:15:00+00:00,1291.4000244140625,1293.0999755859375,1286.300048828125,1287.5,73199
2026-02-27 05:30:00+00:00,1293.5,1297.0,1290.0,1291.800048828125,70914
2026-02-27 05:45:00+00:00,1290.0999755859375,1296.0,1289.300048828125,1294.0,74772
2026-02-27 06:00:00+00:00,1288.199951171875,1290.0,1284.5999755859375,1290.0,81638
2026-02-27 06:15:00+00:00,1287.5,1291.199951171875,1286.699951171875,1288.199951171875,64222
2026-02-27 06:30:00+00:00,1284.0,1287.800048828125,1283.9000244140625,1287.4000244140625,64733
2026-02-27 06:45:00+00:00,1285.0999755859375,1287.199951171875,1278.199951171875,1283.9000244140625,112410
2026-02-27 07:00:00+00:00,1280.800048828125,1285.199951171875,1280.0,1285.199951171875,92991
2026-02-27 07:15:00+00:00,1282.0999755859375,1283.4000244140625,1280.0,1280.800048828125,101659
2026-02-27 07:30:00+00:00,1287.5,1287.9000244140625,1281.5999755859375,1281.9000244140625,117306
2026-02-27 07:45:00+00:00,1286.300048828125,1289.0999755859375,1285.699951171875,1287.5,109980
2026-02-27 08:00:00+00:00,1286.5999755859375,1287.0,1285.5999755859375,1286.800048828125,77504
2026-02-27 08:15:00+00:00,1288.5,1288.699951171875,1285.4000244140625,1286.5999755859375,57374
2026-02-27 08:30:00+00:00,1289.5,1291.199951171875,1287.300048828125,1288.5,59094
2026-02-27 08:45:00+00:00,1290.0,1290.5,1289.4000244140625,1290.0,81651
2026-02-27 09:00:00+00:00,1287.0999755859375,1290.5,1286.5999755859375,1290.0999755859375,138295
2026-02-27 09:15:00+00:00,1288.5,1288.5,1285.0,1287.0999755859375,175499
2026-02-27 09:30:00+00:00,1285.4000244140625,1288.9000244140625,1285.300048828125,1287.5999755859375,749819
2026-02-27 09:45:00+00:00,1290.0,1290.0,1283.0,1285.300048828125,815533
2026-03-02 03:45:00+00:00,1272.4000244140625,1278.0,1267.199951171875,1270.0,52173
2026-03-02 04:00:00+00:00,1276.0,1277.0,1271.9000244140625,1271.9000244140625,50544
2026-03-02 04:15:00+00:00,1277.300048828125,1277.5999755859375,1272.699951171875,1276.0,34769
2026-03-02 04:30:00+00:00,1276.5999755859375,1278.699951171875,1274.0,1277.5,22797
2026-03-02 04:45:00+00:00,1278.9000244140625,1279.800048828125,1275.5999755859375,1276.9000244140625,17722
2026-03-02 05:00:00+00:00,1278.9000244140625,1281.699951171875,1278.4000244140625,1278.5,16792
2026-03-02 05:15:00+00:00,1282.199951171875,1283.9000244140625,1278.0,1278.800048828125,17185
2026-03-02 05:30:00+00:00,1283.300048828125,1284.300048828125,1281.5999755859375,1282.5,17897
2026-03-02 05:45:00+00:00,1280.199951171875,1286.0,1279.0,1282.699951171875,22536
2026-03-02 06:00:00+00:00,1283.9000244140625,1284.0,1279.5,1280.0,34971
2026-03-02 06:15:00+00:00,1283.699951171875,1286.300048828125,1283.300048828125,1284.300048828125,21879
2026-03-02 06:30:00+00:00,1277.5,1285.5,1277.4000244140625,1282.699951171875,18026
2026-03-02 06:45:00+00:00,1280.0999755859375,1280.5,1276.0,1277.5999755859375,29440
2026-03-02 07:00:00+00:00,1279.0999755859375,1282.0,1278.199951171875,1280.800048828125,20651
2026-03-02 07:15:00+00:00,1277.0999755859375,1279.699951171875,1276.300048828125,1278.199951171875,16871
2026-03-02 07:30:00+00:00,1278.0,1278.5999755859375,1275.199951171875,1276.4000244140625,27593
2026-03-02 07:45:00+00:00,1277.4000244140625,1279.199951171875,1276.199951171875,1277.300048828125,17352
2026-03-02 08:00:00+00:00,1276.699951171875,1278.300048828125,1275.4000244140625,1276.9000244140625,19198
2026-03-02 08:15:00+00:00,1273.4000244140625,1277.800048828125,1272.4000244140625,1276.699951171875,25997
2026-03-02 08:30:00+00:00,1284.5999755859375,1286.0,1272.5,1273.800048828125,55975
2026-03-02 08:45:00+00:00,1283.5999755859375,1285.9000244140625,1281.9000244140625,1284.800048828125,40541
2026-03-02 09:00:00+00:00,1293.5,1295.199951171875,1283.0999755859375,1283.5999755859375,87837
2026-03-02 09:15:00+00:00,1290.699951171875,1295.0999755859375,1290.0,1293.5,40663
2026-03-02 09:30:00+00:00,1293.800048828125,1295.0,1289.0,1291.0999755859375,104963
2026-03-02 09:45:00+00:00,1294.4000244140625,1299.199951171875,1288.0,1293.699951171875,120347
2026-03-04 03:45:00+00:00,1281.4000244140625,1281.4000244140625,1273.5999755859375,1275.4000244140625,67757
2026-03-04 04:00:00+00:00,1288.199951171875,1293.0,1281.4000244140625,1281.4000244140625,83717
2026-03-04 04:15:00+00:00,1278.0,1289.0,1277.5,1288.199951171875,95569
2026-03-04 04:30:00+00:00,1281.699951171875,1282.0999755859375,1277.5,1278.300048828125,42033
2026-03-04 04:45:00+00:00,1281.199951171875,1282.4000244140625,1280.0,1281.300048828125,60851
2026-03-04 05:00:00+00:00,1286.0999755859375,1287.0999755859375,1280.0,1280.699951171875,302114
2026-03-04 05:15:00+00:00,1283.4000244140625,1287.699951171875,1283.0,1286.0999755859375,35174
2026-03-04 05:30:00+00:00,1288.0999755859375,1291.4000244140625,1282.300048828125,1283.699951171875,44154
2026-03-04 05:45:00+00:00,1282.5999755859375,1288.5,1280.9000244140625,1288.0999755859375,59377
2026-03-04 06:00:00+00:00,1282.199951171875,1284.0,1280.0,1282.5999755859375,41683
2026-03-04 06:15:00+00:00,1285.0,1286.0,1282.199951171875,1282.699951171875,46216
2026-03-04 06:30:00+00:00,1283.5,1286.300048828125,1283.0,1285.4000244140625,24475
2026-03-04 06:45:00+00:00,1283.4000244140625,1285.0999755859375,1282.699951171875,1283.5,27427
2026-03-04 07:00:00+00:00,1285.5,1285.699951171875,1279.199951171875,1283.4000244140625,44236
2026-03-04 07:15:00+00:00,1288.199951171875,1288.699951171875,1285.0,1285.9000244140625,28502
2026-03-04 07:30:00+00:00,1287.5999755859375,1289.0999755859375,1286.5,1288.300048828125,56318
2026-03-04 07:45:00+00:00,1285.9000244140625,1288.0,1285.699951171875,1287.5999755859375,29022
2026-03-04 08:00:00+00:00,1287.0999755859375,1287.800048828125,1285.800048828125,1285.9000244140625,21357
2026-03-04 08:15:00+00:00,1286.4000244140625,1287.199951171875,1286.0,1287.0999755859375,25885
2026-03-04 08:30:00+00:00,1290.699951171875,1290.699951171875,1286.699951171875,1286.699951171875,28177
2026-03-04 08:45:00+00:00,1291.4000244140625,1292.800048828125,1290.0999755859375,1290.699951171875,58048
2026-03-04 09:00:00+00:00,1295.300048828125,1295.699951171875,1290.199951171875,1291.199951171875,61629
2026-03-04 09:15:00+00:00,1298.699951171875,1299.199951171875,1293.199951171875,1295.5,85119
2026-03-04 09:30:00+00:00,1289.4000244140625,1298.699951171875,1288.9000244140625,1298.699951171875,213915
2026-03-04 09:45:00+00:00,1291.199951171875,1291.4000244140625,1288.0,1289.300048828125,206571
2026-03-05 03:45:00+00:00,1303.0999755859375,1307.0,1294.9000244140625,1294.9000244140625,35718
2026-03-05 04:00:00+00:00,1304.199951171875,1308.5999755859375,1303.0999755859375,1305.0,53968
2026-03-05 04:15:00+00:00,1312.5,1314.9000244140625,1303.9000244140625,1305.0,57809
2026-03-05 04:30:00+00:00,1306.199951171875,1313.699951171875,1306.199951171875,1313.5,23577
2026-03-05 04:45:00+00:00,1304.800048828125,1308.300048828125,1303.0,1307.0,29231
2026-03-05 05:00:00+00:00,1307.0999755859375,1308.699951171875,1301.699951171875,1304.800048828125,50905
2026-03-05 05:15:00+00:00,1312.800048828125,1313.9000244140625,1306.9000244140625,1307.0999755859375,44211
2026-03-05 05:30:00+00:00,1309.5999755859375,1313.5999755859375,1307.9000244140625,1312.800048828125,29329
2026-03-05 05:45:00+00:00,1308.300048828125,1312.9000244140625,1308.0999755859375,1309.5999755859375,19061
2026-03-05 06:00:00+00:00,1310.0,1312.0,1308.4000244140625,1308.4000244140625,23519
2026-03-05 06:15:00+00:00,1306.4000244140625,1310.199951171875,1306.0999755859375,1310.0,36240
2026-03-05 06:30:00+00:00,1310.0,1310.0,1305.0999755859375,1306.4000244140625,21011
2026-03-05 06:45:00+00:00,1312.5,1312.800048828125,1308.800048828125,1310.0,36533
2026-03-05 07:00:00+00:00,1315.800048828125,1317.0,1312.800048828125,1313.0,34924
2026-03-05 07:15:00+00:00,1314.800048828125,1316.199951171875,1313.9000244140625,1315.800048828125,23663
2026-03-05 07:30:00+00:00,1312.9000244140625,1316.300048828125,1312.699951171875,1314.800048828125,53031
2026-03-05 07:45:00+00:00,1313.9000244140625,1314.5999755859375,1310.699951171875,1312.9000244140625,19596
2026-03-05 08:00:00+00:00,1315.300048828125,1315.5999755859375,1312.4000244140625,1314.300048828125,18051
2026-03-05 08:15:00+00:00,1313.699951171875,1315.9000244140625,1313.199951171875,1315.5,24129
2026-03-05 08:30:00+00:00,1310.5,1314.9000244140625,1310.199951171875,1314.0,29206
2026-03-05 08:45:00+00:00,1312.0,1312.300048828125,1307.199951171875,1310.5,47595
2026-03-05 09:00:00+00:00,1315.300048828125,1316.4000244140625,1311.199951171875,1311.5,22242
2026-03-05 09:15:00+00:00,1317.300048828125,1320.5999755859375,1314.800048828125,1314.800048828125,85194
2026-03-05 09:30:00+00:00,1312.9000244140625,1318.0,1312.5,1317.9000244140625,91923
2026-03-05 09:45:00+00:00,1310.0,1314.0,1307.0,1312.800048828125,99209
2026-03-06 03:45:00+00:00,1308.5999755859375,1316.4000244140625,1304.9000244140625,1313.4000244140625,38572
2026-03-06 04:00:00+00:00,1305.199951171875,1309.0,1305.0,1308.5999755859375,24486
2026-03-06 04:15:00+00:00,1299.300048828125,1306.0,1299.199951171875,1305.4000244140625,36131
2026-03-06 04:30:00+00:00,1302.9000244140625,1302.9000244140625,1299.0,1299.300048828125,18071
2026-03-06 04:45:00+00:00,1295.0999755859375,1302.9000244140625,1295.0,1302.800048828125,23601
2026-03-06 05:00:00+00:00,1295.5999755859375,1296.9000244140625,1291.0999755859375,1295.300048828125,28284
2026-03-06 05:15:00+00:00,1296.0999755859375,1299.0,1294.0999755859375,1295.5,35678
2026-03-06 05:30:00+00:00,1296.5,1297.9000244140625,1295.199951171875,1296.199951171875,13250
2026-03-06 05:45:00+00:00,1297.800048828125,1300.0,1295.5,1296.800048828125,23976
2026-03-06 06:00:00+00:00,1296.4000244140625,1299.9000244140625,1296.0,1297.5999755859375,9884
2026-03-06 06:15:00+00:00,1303.9000244140625,1304.5999755859375,1296.4000244140625,1296.4000244140625,23122
2026-03-06 06:30:00+00:00,1305.199951171875,1306.199951171875,1303.5,1303.9000244140625,25862
2026-03-06 06:45:00+00:00,1305.199951171875,1306.800048828125,1304.5999755859375,1305.5,20489
2026-03-06 07:00:00+00:00,1308.5,1309.5999755859375,1305.0,1305.199951171875,32850
2026-03-06 07:15:00+00:00,1311.4000244140625,1311.4000244140625,1308.0999755859375,1308.5,26452
2026-03-06 07:30:00+00:00,1309.0,1312.5,1308.699951171875,1311.199951171875,43711
2026-03-06 07:45:00+00:00,1311.199951171875,1311.300048828125,1307.9000244140625,1309.0,32102
2026-03-06 08:00:00+00:00,1310.300048828125,1311.5999755859375,1308.5999755859375,1311.0999755859375,49027
2026-03-06 08:15:00+00:00,1311.9000244140625,1311.9000244140625,1309.4000244140625,1310.199951171875,46350
2026-03-06 08:30:00+00:00,1311.699951171875,1312.0999755859375,1310.4000244140625,1311.300048828125,38237
2026-03-06 08:45:00+00:00,1313.5,1314.0,1310.9000244140625,1311.800048828125,43111
2026-03-06 09:00:00+00:00,1308.0,1313.800048828125,1306.300048828125,1313.300048828125,77934
2026-03-06 09:15:00+00:00,1303.300048828125,1309.0,1302.300048828125,1307.9000244140625,43428
2026-03-06 09:30:00+00:00,1304.699951171875,1305.0999755859375,1302.4000244140625,1303.0,66073
2026-03-06 09:45:00+00:00,1302.4000244140625,1308.4000244140625,1301.9000244140625,1304.800048828125,98892
2026-03-09 03:45:00+00:00,1281.199951171875,1293.0,1274.4000244140625,1289.9000244140625,170867
2026-03-09 04:00:00+00:00,1284.800048828125,1291.699951171875,1280.300048828125,1281.0999755859375,284201
2026-03-09 04:15:00+00:00,1286.5,1287.9000244140625,1282.199951171875,1284.800048828125,56478
2026-03-09 04:30:00+00:00,1287.0,1288.699951171875,1284.300048828125,1286.5,31731
2026-03-09 04:45:00+00:00,1282.699951171875,1287.699951171875,1279.5,1287.5999755859375,60304
2026-03-09 05:00:00+00:00,1281.5999755859375,1285.800048828125,1280.699951171875,1282.0,38560
2026-03-09 05:15:00+00:00,1284.9000244140625,1286.300048828125,1278.4000244140625,1281.5999755859375,33641
2026-03-09 05:30:00+00:00,1284.0,1285.800048828125,1281.699951171875,1285.699951171875,24119
2026-03-09 05:45:00+00:00,1286.9000244140625,1287.800048828125,1283.0,1284.0,22476
2026-03-09 06:00:00+00:00,1288.0,1289.800048828125,1285.4000244140625,1286.699951171875,30176
2026-03-09 06:15:00+00:00,1285.5999755859375,1288.300048828125,1285.199951171875,1288.0,22688
2026-03-09 06:30:00+00:00,1289.5,1289.800048828125,1284.0,1285.5999755859375,46426
2026-03-09 06:45:00+00:00,1291.699951171875,1294.9000244140625,1288.0999755859375,1289.5,58336
2026-03-09 07:00:00+00:00,1290.0,1292.0,1287.5,1291.699951171875,32922
2026-03-09 07:15:00+00:00,1291.0,1291.0999755859375,1289.0,1290.0999755859375,24564
2026-03-09 07:30:00+00:00,1289.9000244140625,1291.0,1289.199951171875,1291.0,30546
2026-03-09 07:45:00+00:00,1289.699951171875,1290.800048828125,1288.5,1289.9000244140625,29572
2026-03-09 08:00:00+00:00,1287.5,1290.0,1285.9000244140625,1289.800048828125,25386
2026-03-09 08:15:00+00:00,1285.5,1287.4000244140625,1285.199951171875,1287.199951171875,21876
2026-03-09 08:30:00+00:00,1284.800048828125,1285.800048828125,1283.0,1285.4000244140625,23946
2026-03-09 08:45:00+00:00,1282.5999755859375,1287.199951171875,1282.5,1284.5999755859375,33946
2026-03-09 09:00:00+00:00,1288.300048828125,1289.4000244140625,1281.5,1282.5999755859375,70415
2026-03-09 09:15:00+00:00,1289.199951171875,1291.9000244140625,1285.800048828125,1288.5999755859375,79081
2026-03-09 09:30:00+00:00,1287.699951171875,1291.9000244140625,1287.300048828125,1288.800048828125,72010
2026-03-09 09:45:00+00:00,1284.0999755859375,1288.199951171875,1283.800048828125,1288.0,103144
2026-03-10 03:45:00+00:00,1314.0,1314.0,1291.9000244140625,1292.9000244140625,58509
2026-03-10 04:00:00+00:00,1313.800048828125,1315.0,1305.0999755859375,1314.4000244140625,106909
2026-03-10 04:15:00+00:00,1308.300048828125,1313.699951171875,1307.4000244140625,1313.699951171875,42434
2026-03-10 04:30:00+00:00,1316.5,1317.800048828125,1307.4000244140625,1308.300048828125,67848
2026-03-10 04:45:00+00:00,1314.9000244140625,1318.9000244140625,1311.300048828125,1317.5999755859375,86949
2026-03-10 05:00:00+00:00,1317.5999755859375,1318.199951171875,1314.199951171875,1314.5,100646
2026-03-10 05:15:00+00:00,1316.699951171875,1318.5,1312.4000244140625,1317.0999755859375,38146
2026-03-10 05:30:00+00:00,1316.4000244140625,1318.4000244140625,1315.4000244140625,1316.199951171875,45938
2026-03-10 05:45:00+00:00,1317.0999755859375,1317.800048828125,1314.199951171875,1317.0999755859375,77165
2026-03-10 06:00:00+00:00,1316.699951171875,1318.0,1314.699951171875,1318.0,45383
2026-03-10 06:15:00+00:00,1319.5999755859375,1320.9000244140625,1314.9000244140625,1316.300048828125,68670
2026-03-10 06:30:00+00:00,1319.300048828125,1322.0,1319.199951171875,1319.5999755859375,60583
2026-03-10 06:45:00+00:00,1320.5999755859375,1321.300048828125,1318.9000244140625,1319.199951171875,50413
2026-03-10 07:00:00+00:00,1322.0999755859375,1325.0,1319.300048828125,1320.5999755859375,74170
2026-03-10 07:15:00+00:00,1328.0,1329.0,1322.0999755859375,1322.0999755859375,112461
2026-03-10 07:30:00+00:00,1322.0,1329.0,1320.9000244140625,1328.4000244140625,97733
2026-03-10 07:45:00+00:00,1317.5,1322.0999755859375,1316.199951171875,1322.0,82391
2026-03-10 08:00:00+00:00,1314.0999755859375,1319.5999755859375,1313.5,1316.800048828125,90223
2026-03-10 08:15:00+00:00,1316.9000244140625,1319.0,1313.4000244140625,1314.800048828125,130913
2026-03-10 08:30:00+00:00,1314.9000244140625,1318.199951171875,1314.699951171875,1316.9000244140625,92499
2026-03-10 08:45:00+00:00,1314.0,1316.300048828125,1312.0,1315.199951171875,153554
2026-03-10 09:00:00+00:00,1317.0,1317.0,1313.0,1313.9000244140625,185682
2026-03-10 09:15:00+00:00,1316.0999755859375,1317.5,1315.4000244140625,1316.5999755859375,106133
2026-03-10 09:30:00+00:00,1314.0999755859375,1316.4000244140625,1311.300048828125,1316.300048828125,147794
2026-03-10 09:45:00+00:00,1313.699951171875,1318.4000244140625,1310.0,1314.0999755859375,174041
2026-03-11 03:45:00+00:00,1323.300048828125,1326.5999755859375,1312.9000244140625,1316.5999755859375,30893
2026-03-11 04:00:00+00:00,1322.9000244140625,1324.4000244140625,1319.199951171875,1322.5999755859375,57210
2026-03-11 04:15:00+00:00,1321.9000244140625,1324.5999755859375,1320.300048828125,1323.4000244140625,48661
2026-03-11 04:30:00+00:00,1325.5999755859375,1326.800048828125,1321.199951171875,1322.5999755859375,47576
2026-03-11 04:45:00+00:00,1331.699951171875,1333.5,1324.800048828125,1325.5,97789
2026-03-11 05:00:00+00:00,1332.0,1336.0,1331.0999755859375,1332.0,76484
2026-03-11 05:15:00+00:00,1332.199951171875,1332.300048828125,1329.0,1332.0,35870
2026-03-11 05:30:00+00:00,1333.5999755859375,1335.4000244140625,1331.0999755859375,1332.4000244140625,47918
2026-03-11 05:45:00+00:00,1334.4000244140625,1334.5,1330.199951171875,1334.300048828125,76329
2026-03-11 06:00:00+00:00,1332.0999755859375,1334.5,1330.5999755859375,1334.300048828125,76851
2026-03-11 06:15:00+00:00,1328.199951171875,1332.0999755859375,1327.5999755859375,1331.5999755859375,72247
2026-03-11 06:30:00+00:00,1331.199951171875,1332.300048828125,1327.5,1328.199951171875,60190
2026-03-11 06:45:00+00:00,1328.699951171875,1331.5999755859375,1328.0,1331.199951171875,68720
2026-03-11 07:00:00+00:00,1327.5999755859375,1329.5999755859375,1325.800048828125,1328.5999755859375,104399
2026-03-11 07:15:00+00:00,1324.9000244140625,1327.5999755859375,1324.0999755859375,1327.5,94067
2026-03-11 07:30:00+00:00,1322.5,1325.5,1320.4000244140625,1324.9000244140625,203923
2026-03-11 07:45:00+00:00,1326.9000244140625,1326.9000244140625,1319.5,1322.5,133776
2026-03-11 08:00:00+00:00,1326.5,1329.300048828125,1325.5999755859375,1326.9000244140625,75009
2026-03-11 08:15:00+00:00,1326.9000244140625,1327.9000244140625,1324.699951171875,1326.5,60989
2026-03-11 08:30:00+00:00,1325.300048828125,1327.800048828125,1325.0999755859375,1326.5,71531
2026-03-11 08:45:00+00:00,1325.9000244140625,1326.0,1322.0,1325.300048828125,101468
2026-03-11 09:00:00+00:00,1329.5999755859375,1331.0,1323.0,1325.0999755859375,246947
2026-03-11 09:15:00+00:00,1324.199951171875,1329.699951171875,1323.800048828125,1329.4000244140625,61767
2026-03-11 09:30:00+00:00,1326.0,1326.5,1323.9000244140625,1324.300048828125,188677
2026-03-11 09:45:00+00:00,1321.9000244140625,1326.5,1321.9000244140625,1326.0,265231
2026-03-12 03:45:00+00:00,1305.0999755859375,1323.0,1304.800048828125,1320.9000244140625,60506
2026-03-12 04:00:00+00:00,1309.9000244140625,1310.0999755859375,1304.800048828125,1304.800048828125,94118
2026-03-12 04:15:00+00:00,1313.300048828125,1313.699951171875,1309.0,1309.800048828125,47577
2026-03-12 04:30:00+00:00,1310.4000244140625,1313.5,1309.5999755859375,1312.5999755859375,38397
2026-03-12 04:45:00+00:00,1319.5999755859375,1320.4000244140625,1310.199951171875,1310.300048828125,90100
2026-03-12 05:00:00+00:00,1322.5,1324.5,1316.5999755859375,1319.5999755859375,80814
2026-03-12 05:15:00+00:00,1320.4000244140625,1322.800048828125,1317.5999755859375,1322.0,27630
2026-03-12 05:30:00+00:00,1321.4000244140625,1322.0,1318.9000244140625,1321.0,17072
2026-03-12 05:45:00+00:00,1319.4000244140625,1323.0,1317.5,1320.800048828125,23226
2026-03-12 06:00:00+00:00,1320.300048828125,1320.300048828125,1315.800048828125,1319.4000244140625,14276
2026-03-12 06:15:00+00:00,1320.0,1321.4000244140625,1318.4000244140625,1320.300048828125,24486
2026-03-12 06:30:00+00:00,1318.0,1320.9000244140625,1316.0,1320.5,56756
2026-03-12 06:45:00+00:00,1327.5,1328.9000244140625,1318.0999755859375,1318.5,94176
2026-03-12 07:00:00+00:00,1324.800048828125,1328.0,1322.0,1326.699951171875,94468
2026-03-12 07:15:00+00:00,1326.9000244140625,1327.0,1325.0,1325.0,44891
2026-03-12 07:30:00+00:00,1328.5,1329.300048828125,1325.699951171875,1326.9000244140625,57865
2026-03-12 07:45:00+00:00,1331.5,1331.9000244140625,1327.800048828125,1327.800048828125,163528
2026-03-12 08:00:00+00:00,1331.0,1333.4000244140625,1329.199951171875,1331.699951171875,93707
2026-03-12 08:15:00+00:00,1325.4000244140625,1331.300048828125,1325.0,1330.5,87000
2026-03-12 08:30:00+00:00,1324.5999755859375,1327.0999755859375,1322.800048828125,1325.4000244140625,62643
2026-03-12 08:45:00+00:00,1323.9000244140625,1328.0,1323.4000244140625,1324.5,107840
2026-03-12 09:00:00+00:00,1320.0,1325.5999755859375,1320.0,1323.9000244140625,97992
2026-03-12 09:15:00+00:00,1317.5999755859375,1320.5999755859375,1316.0999755859375,1318.800048828125,57759
2026-03-12 09:30:00+00:00,1320.0999755859375,1321.800048828125,1317.300048828125,1318.300048828125,172097
2026-03-12 09:45:00+00:00,1319.199951171875,1321.0,1317.0999755859375,1320.0999755859375,191972
2026-03-13 03:45:00+00:00,1311.4000244140625,1319.800048828125,1310.199951171875,1310.199951171875,120995
2026-03-13 04:00:00+00:00,1312.199951171875,1316.300048828125,1311.0,1311.5999755859375,68678
2026-03-13 04:15:00+00:00,1305.300048828125,1313.0999755859375,1305.300048828125,1312.199951171875,53669
2026-03-13 04:30:00+00:00,1296.5,1305.699951171875,1296.0,1305.699951171875,65218
2026-03-13 04:45:00+00:00,1297.0999755859375,1299.800048828125,1291.800048828125,1296.699951171875,83911
2026-03-13 05:00:00+00:00,1294.199951171875,1298.0,1293.300048828125,1297.699951171875,26668
2026-03-13 05:15:00+00:00,1298.699951171875,1299.4000244140625,1293.5999755859375,1294.199951171875,19572
2026-03-13 05:30:00+00:00,1296.0,1299.0,1293.5999755859375,1299.0,19059
2026-03-13 05:45:00+00:00,1300.9000244140625,1301.5999755859375,1295.5,1296.699951171875,37656
2026-03-13 06:00:00+00:00,1303.0,1304.4000244140625,1300.300048828125,1300.800048828125,23253
2026-03-13 06:15:00+00:00,1300.699951171875,1303.9000244140625,1300.199951171875,1303.4000244140625,17307
2026-03-13 06:30:00+00:00,1300.199951171875,1301.0,1297.800048828125,1300.9000244140625,26657
2026-03-13 06:45:00+00:00,1290.0,1300.0999755859375,1290.0,1300.0999755859375,40816
2026-03-13 07:00:00+00:00,1286.0999755859375,1290.4000244140625,1285.0999755859375,1290.300048828125,78651
2026-03-13 07:15:00+00:00,1286.300048828125,1289.300048828125,1285.699951171875,1286.0,51882
2026-03-13 07:30:00+00:00,1284.0,1288.300048828125,1283.800048828125,1286.9000244140625,49365
2026-03-13 07:45:00+00:00,1285.0,1285.0,1280.9000244140625,1283.0999755859375,46798
2026-03-13 08:00:00+00:00,1287.5,1288.800048828125,1284.9000244140625,1284.9000244140625,42016
2026-03-13 08:15:00+00:00,1287.5,1288.9000244140625,1286.199951171875,1287.5,68899
2026-03-13 08:30:00+00:00,1292.5999755859375,1293.0,1287.5,1288.0,47396
2026-03-13 08:45:00+00:00,1291.0999755859375,1294.0,1290.0,1292.5999755859375,37023
2026-03-13 09:00:00+00:00,1291.800048828125,1294.5999755859375,1290.9000244140625,1291.0,48963
2026-03-13 09:15:00+00:00,1291.800048828125,1292.699951171875,1288.699951171875,1291.9000244140625,85221
2026-03-13 09:30:00+00:00,1293.699951171875,1293.9000244140625,1289.699951171875,1291.9000244140625,172971
2026-03-13 09:45:00+00:00,1290.0,1296.0999755859375,1289.5,1293.0999755859375,162353
2026-03-16 03:45:00+00:00,1287.0999755859375,1293.5999755859375,1287.0,1287.4000244140625,27199
2026-03-16 04:00:00+00:00,1291.0999755859375,1293.300048828125,1286.0,1286.699951171875,32642
2026-03-16 04:15:00+00:00,1282.4000244140625,1291.699951171875,1282.0999755859375,1291.0999755859375,38165
2026-03-16 04:30:00+00:00,1283.5,1284.800048828125,1281.0,1282.5999755859375,51344
2026-03-16 04:45:00+00:00,1275.0,1283.800048828125,1274.699951171875,1283.5,26268
2026-03-16 05:00:00+00:00,1275.4000244140625,1280.300048828125,1274.800048828125,1275.199951171875,25864
2026-03-16 05:15:00+00:00,1269.0,1275.0,1265.0999755859375,1275.0,51266
2026-03-16 05:30:00+00:00,1274.5999755859375,1274.800048828125,1266.0999755859375,1269.0,17767
2026-03-16 05:45:00+00:00,1279.300048828125,1280.699951171875,1273.0999755859375,1274.5999755859375,69135
2026-03-16 06:00:00+00:00,1266.699951171875,1280.699951171875,1266.199951171875,1279.5999755859375,27441
2026-03-16 06:15:00+00:00,1267.199951171875,1268.4000244140625,1264.199951171875,1266.199951171875,19264
2026-03-16 06:30:00+00:00,1271.300048828125,1273.0,1266.800048828125,1267.0999755859375,16875
2026-03-16 06:45:00+00:00,1272.0,1273.5999755859375,1270.0,1271.300048828125,20238
2026-03-16 07:00:00+00:00,1270.199951171875,1271.9000244140625,1267.5999755859375,1271.4000244140625,33282
2026-03-16 07:15:00+00:00,1269.0,1270.4000244140625,1267.0,1270.199951171875,23700
2026-03-16 07:30:00+00:00,1268.199951171875,1271.300048828125,1266.300048828125,1268.9000244140625,30203
2026-03-16 07:45:00+00:00,1269.0999755859375,1272.199951171875,1268.0,1268.199951171875,26103
2026-03-16 08:00:00+00:00,1271.199951171875,1274.300048828125,1268.4000244140625,1269.4000244140625,29188
2026-03-16 08:15:00+00:00,1271.4000244140625,1273.199951171875,1269.699951171875,1271.0999755859375,27235
2026-03-16 08:30:00+00:00,1273.5,1274.5,1271.0,1271.5999755859375,27782
2026-03-16 08:45:00+00:00,1280.5,1282.300048828125,1272.5,1273.4000244140625,102795
2026-03-16 09:00:00+00:00,1280.5,1281.800048828125,1277.800048828125,1280.800048828125,121690
2026-03-16 09:15:00+00:00,1281.5,1283.0,1278.5999755859375,1279.800048828125,153439
2026-03-16 09:30:00+00:00,1276.5,1280.699951171875,1275.4000244140625,1280.199951171875,161444
2026-03-16 09:45:00+00:00,1273.0,1275.9000244140625,1272.0,1275.699951171875,90002
2026-03-17 03:45:00+00:00,1277.9000244140625,1283.699951171875,1277.199951171875,1283.699951171875,31947
2026-03-17 04:00:00+00:00,1279.199951171875,1281.0,1275.9000244140625,1277.9000244140625,22491
2026-03-17 04:15:00+00:00,1277.0,1280.5999755859375,1277.0,1279.300048828125,18859
2026-03-17 04:30:00+00:00,1279.699951171875,1281.0,1276.5,1277.5,14803
2026-03-17 04:45:00+00:00,1279.5999755859375,1285.0,1279.5999755859375,1279.9000244140625,29841
2026-03-17 05:00:00+00:00,1276.199951171875,1281.4000244140625,1275.0,1279.5999755859375,27387
2026-03-17 05:15:00+00:00,1277.800048828125,1279.800048828125,1274.9000244140625,1276.199951171875,12528
2026-03-17 05:30:00+00:00,1280.699951171875,1281.0,1276.9000244140625,1277.9000244140625,12222
2026-03-17 05:45:00+00:00,1269.0999755859375,1280.699951171875,1269.0999755859375,1279.699951171875,44275
2026-03-17 06:00:00+00:00,1266.9000244140625,1269.0,1266.0999755859375,1269.0,14435
2026-03-17 06:15:00+00:00,1267.699951171875,1269.5999755859375,1265.0999755859375,1266.800048828125,14955
2026-03-17 06:30:00+00:00,1268.4000244140625,1268.800048828125,1266.300048828125,1267.5999755859375,18354
2026-03-17 06:45:00+00:00,1268.0999755859375,1271.0999755859375,1267.4000244140625,1267.9000244140625,40837
2026-03-17 07:00:00+00:00,1268.0999755859375,1268.800048828125,1265.0,1268.0,29373
2026-03-17 07:15:00+00:00,1271.9000244140625,1271.9000244140625,1267.4000244140625,1267.9000244140625,25615
2026-03-17 07:30:00+00:00,1279.199951171875,1279.300048828125,1272.199951171875,1272.5,42505
2026-03-17 07:45:00+00:00,1280.0,1282.0,1279.199951171875,1279.5,42496
2026-03-17 08:00:00+00:00,1279.0,1282.9000244140625,1277.9000244140625,1280.300048828125,51168
2026-03-17 08:15:00+00:00,1279.5999755859375,1280.5,1278.0999755859375,1279.5,26656
2026-03-17 08:30:00+00:00,1284.300048828125,1285.0,1279.699951171875,1279.9000244140625,36759
2026-03-17 08:45:00+00:00,1287.300048828125,1288.5,1283.0,1284.300048828125,63407
2026-03-17 09:00:00+00:00,1285.0,1291.199951171875,1285.0,1286.9000244140625,88514
2026-03-17 09:15:00+00:00,1287.4000244140625,1288.699951171875,1284.199951171875,1285.0,74493
2026-03-17 09:30:00+00:00,1284.9000244140625,1286.699951171875,1282.199951171875,1286.699951171875,101552
2026-03-17 09:45:00+00:00,1285.5999755859375,1285.800048828125,1281.0,1285.0,84368
2026-03-18 03:45:00+00:00,1291.4000244140625,1292.0,1281.9000244140625,1281.9000244140625,23328
2026-03-18 04:00:00+00:00,1293.5,1294.800048828125,1290.699951171875,1291.5,23694
2026-03-18 04:15:00+00:00,1293.699951171875,1294.0,1291.5999755859375,1293.800048828125,9934
2026-03-18 04:30:00+00:00,1292.5,1294.4000244140625,1291.4000244140625,1293.0999755859375,13649
2026-03-18 04:45:00+00:00,1296.0,1298.5,1292.300048828125,1292.5,20937
2026-03-18 05:00:00+00:00,1295.5999755859375,1296.5999755859375,1293.5999755859375,1296.0,16647
2026-03-18 05:15:00+00:00,1297.0,1298.5,1295.0999755859375,1296.300048828125,19883
2026-03-18 05:30:00+00:00,1298.4000244140625,1299.199951171875,1295.800048828125,1297.0,12674
2026-03-18 05:45:00+00:00,1296.0,1299.0999755859375,1295.699951171875,1298.5999755859375,14099
2026-03-18 06:00:00+00:00,1293.5,1296.300048828125,1291.199951171875,1296.300048828125,21642
2026-03-18 06:15:00+00:00,1294.0999755859375,1295.0999755859375,1292.5,1293.699951171875,8657
2026-03-18 06:30:00+00:00,1294.699951171875,1296.9000244140625,1293.9000244140625,1294.699951171875,21467
2026-03-18 06:45:00+00:00,1295.0,1295.800048828125,1293.9000244140625,1294.0,19135
2026-03-18 07:00:00+00:00,1294.800048828125,1295.699951171875,1293.800048828125,1295.0,25064
2026-03-18 07:15:00+00:00,1292.699951171875,1295.300048828125,1292.300048828125,1295.300048828125,28180
2026-03-18 07:30:00+00:00,1294.4000244140625,1294.4000244140625,1292.5999755859375,1292.699951171875,28571
2026-03-18 07:45:00+00:00,1296.0999755859375,1298.300048828125,1293.699951171875,1294.5,21285
2026-03-18 08:00:00+00:00,1296.4000244140625,1297.699951171875,1295.4000244140625,1296.800048828125,25074
2026-03-18 08:15:00+00:00,1297.0,1299.0999755859375,1294.0999755859375,1296.5999755859375,86978
2026-03-18 08:30:00+00:00,1296.5999755859375,1297.9000244140625,1295.4000244140625,1297.0,20081
2026-03-18 08:45:00+00:00,1296.0,1297.0999755859375,1294.5,1296.4000244140625,20209
2026-03-18 09:00:00+00:00,1294.4000244140625,1296.9000244140625,1292.5999755859375,1296.0,41013
2026-03-18 09:15:00+00:00,1298.5,1298.5999755859375,1294.4000244140625,1294.4000244140625,52619
2026-03-18 09:30:00+00:00,1297.9000244140625,1298.199951171875,1293.5999755859375,1297.699951171875,99887
2026-03-18 09:45:00+00:00,1294.800048828125,1297.800048828125,1286.4000244140625,1297.800048828125,153414
2026-03-19 03:45:00+00:00,1272.5,1277.800048828125,1267.0999755859375,1276.5999755859375,21584
2026-03-19 04:00:00+00:00,1271.5999755859375,1277.199951171875,1269.300048828125,1272.699951171875,21612
2026-03-19 04:15:00+00:00,1273.0,1274.0999755859375,1269.5,1272.0,10301
2026-03-19 04:30:00+00:00,1276.300048828125,1276.5999755859375,1271.800048828125,1272.9000244140625,10178
2026-03-19 04:45:00+00:00,1277.0,1277.199951171875,1274.0,1275.0999755859375,8490
2026-03-19 05:00:00+00:00,1277.0999755859375,1281.0,1276.199951171875,1276.5,13533
2026-03-19 05:15:00+00:00,1271.699951171875,1276.800048828125,1271.5,1276.5999755859375,13848
2026-03-19 05:30:00+00:00,1269.0,1271.699951171875,1269.0,1271.699951171875,12656
2026-03-19 05:45:00+00:00,1271.5,1274.199951171875,1268.800048828125,1268.9000244140625,16380
2026-03-19 06:00:00+00:00,1274.199951171875,1274.300048828125,1271.5,1271.5,10981
2026-03-19 06:15:00+00:00,1275.0999755859375,1275.0999755859375,1272.0,1274.199951171875,11789
2026-03-19 06:30:00+00:00,1275.699951171875,1276.5999755859375,1274.0999755859375,1275.0999755859375,11648
2026-03-19 06:45:00+00:00,1271.0999755859375,1276.300048828125,1270.300048828125,1276.199951171875,11080
2026-03-19 07:00:00+00:00,1267.4000244140625,1272.0999755859375,1267.199951171875,1271.0,9305
2026-03-19 07:15:00+00:00,1273.5,1273.699951171875,1267.4000244140625,1267.800048828125,22149
2026-03-19 07:30:00+00:00,1269.300048828125,1273.699951171875,1269.300048828125,1273.699951171875,34475
2026-03-19 07:45:00+00:00,1271.199951171875,1273.4000244140625,1268.9000244140625,1269.9000244140625,85014
2026-03-19 08:00:00+00:00,1273.300048828125,1275.0,1269.9000244140625,1271.199951171875,93016
2026-03-19 08:15:00+00:00,1276.5,1276.5,1272.699951171875,1273.5,37036
2026-03-19 08:30:00+00:00,1271.4000244140625,1276.800048828125,1271.0,1276.300048828125,102052
2026-03-19 08:45:00+00:00,1277.9000244140625,1279.5,1271.4000244140625,1271.5,40413
2026-03-19 09:00:00+00:00,1278.9000244140625,1279.9000244140625,1275.4000244140625,1277.5999755859375,99797
2026-03-19 09:15:00+00:00,1271.199951171875,1281.0,1271.199951171875,1278.5999755859375,136726
2026-03-19 09:30:00+00:00,1273.0,1278.5,1271.5999755859375,1271.699951171875,94428
2026-03-19 09:45:00+00:00,1274.5,1280.0,1269.0,1272.300048828125,70770
2026-03-20 03:45:00+00:00,1298.0,1301.699951171875,1290.0,1290.0,73341
2026-03-20 04:00:00+00:00,1297.0,1300.800048828125,1294.0,1298.0,42879
2026-03-20 04:15:00+00:00,1297.199951171875,1298.699951171875,1296.0999755859375,1296.5,30173
2026-03-20 04:30:00+00:00,1298.0,1298.5999755859375,1294.0999755859375,1297.199951171875,41375
2026-03-20 04:45:00+00:00,1299.0,1299.4000244140625,1295.800048828125,1298.0,20590
2026-03-20 05:00:00+00:00,1299.699951171875,1299.9000244140625,1298.0,1299.0,16996
2026-03-20 05:15:00+00:00,1298.199951171875,1303.0,1297.5999755859375,1299.300048828125,49562
2026-03-20 05:30:00+00:00,1294.0999755859375,1298.199951171875,1292.4000244140625,1297.699951171875,124492
2026-03-20 05:45:00+00:00,1296.0999755859375,1297.9000244140625,1293.5,1294.5999755859375,105230
2026-03-20 06:00:00+00:00,1296.699951171875,1297.699951171875,1294.199951171875,1296.0999755859375,106523
2026-03-20 06:15:00+00:00,1296.4000244140625,1300.0,1294.0999755859375,1296.800048828125,136741
2026-03-20 06:30:00+00:00,1295.9000244140625,1297.199951171875,1295.0,1297.0999755859375,86056
2026-03-20 06:45:00+00:00,1296.0,1297.5,1293.9000244140625,1295.800048828125,96230
2026-03-20 07:00:00+00:00,1297.300048828125,1299.199951171875,1294.4000244140625,1295.0999755859375,102930
2026-03-20 07:15:00+00:00,1294.800048828125,1298.5,1294.199951171875,1297.5,97666
2026-03-20 07:30:00+00:00,1298.4000244140625,1300.5,1293.199951171875,1294.800048828125,83561
2026-03-20 07:45:00+00:00,1300.199951171875,1302.0,1298.5,1298.5999755859375,89041
2026-03-20 08:00:00+00:00,1303.199951171875,1307.199951171875,1300.4000244140625,1300.4000244140625,152630
2026-03-20 08:15:00+00:00,1302.5999755859375,1305.0,1301.300048828125,1303.4000244140625,129326
2026-03-20 08:30:00+00:00,1302.300048828125,1304.300048828125,1301.9000244140625,1302.5999755859375,228108
2026-03-20 08:45:00+00:00,1297.699951171875,1302.5999755859375,1297.0999755859375,1302.5999755859375,301444
2026-03-20 09:00:00+00:00,1300.5,1305.9000244140625,1297.0999755859375,1297.5,158401
2026-03-20 09:15:00+00:00,1296.4000244140625,1302.300048828125,1294.4000244140625,1299.9000244140625,116739
2026-03-20 09:30:00+00:00,1299.300048828125,1302.4000244140625,1296.800048828125,1296.800048828125,487535
2026-03-20 09:45:00+00:00,1296.0,1299.199951171875,1293.0,1298.800048828125,378402
2026-03-23 03:45:00+00:00,1279.4000244140625,1285.800048828125,1275.300048828125,1277.9000244140625,28614
2026-03-23 04:00:00+00:00,1272.0999755859375,1279.0,1272.0,1279.0,60310
2026-03-23 04:15:00+00:00,1265.4000244140625,1271.300048828125,1265.0999755859375,1270.9000244140625,34753
2026-03-23 04:30:00+00:00,1270.0,1270.800048828125,1261.199951171875,1265.0999755859375,28030
2026-03-23 04:45:00+00:00,1270.0,1274.0,1269.0999755859375,1270.0999755859375,25099
2026-03-23 05:00:00+00:00,1271.800048828125,1272.699951171875,1269.800048828125,1270.0,12805
2026-03-23 05:15:00+00:00,1276.300048828125,1276.699951171875,1271.300048828125,1271.300048828125,112419
2026-03-23 05:30:00+00:00,1279.800048828125,1282.4000244140625,1275.0,1276.5,134674
2026-03-23 05:45:00+00:00,1277.800048828125,1279.9000244140625,1275.4000244140625,1279.800048828125,44358
2026-03-23 06:00:00+00:00,1278.199951171875,1278.800048828125,1275.5,1277.800048828125,38046
2026-03-23 06:15:00+00:00,1282.800048828125,1283.5999755859375,1277.199951171875,1278.4000244140625,43150
2026-03-23 06:30:00+00:00,1281.699951171875,1283.0,1280.0999755859375,1282.300048828125,40880
2026-03-23 06:45:00+00:00,1278.199951171875,1281.800048828125,1277.199951171875,1281.199951171875,49887
2026-03-23 07:00:00+00:00,1276.5,1279.0,1272.800048828125,1278.199951171875,65334
2026-03-23 07:15:00+00:00,1272.800048828125,1276.9000244140625,1272.4000244140625,1276.0,79597
2026-03-23 07:30:00+00:00,1273.9000244140625,1274.5999755859375,1272.0999755859375,1272.800048828125,75428
2026-03-23 07:45:00+00:00,1271.9000244140625,1274.9000244140625,1271.4000244140625,1273.9000244140625,94157
2026-03-23 08:00:00+00:00,1268.5999755859375,1273.9000244140625,1266.800048828125,1272.0,104820
2026-03-23 08:15:00+00:00,1267.699951171875,1269.5999755859375,1266.699951171875,1268.0999755859375,99807
2026-03-23 08:30:00+00:00,1267.4000244140625,1270.699951171875,1266.9000244140625,1267.699951171875,107678
2026-03-23 08:45:00+00:00,1270.699951171875,1272.0,1266.0,1267.5,146828
2026-03-23 09:00:00+00:00,1263.5999755859375,1271.300048828125,1263.5999755859375,1270.5999755859375,292314
2026-03-23 09:15:00+00:00,1259.0,1263.800048828125,1256.5999755859375,1263.0999755859375,102321
2026-03-23 09:30:00+00:00,1255.9000244140625,1259.699951171875,1253.5999755859375,1257.4000244140625,96680
2026-03-23 09:45:00+00:00,1248.0,1255.800048828125,1247.5999755859375,1255.800048828125,130579
2026-03-24 03:45:00+00:00,1269.5,1279.199951171875,1263.300048828125,1270.5999755859375,80500
2026-03-24 04:00:00+00:00,1263.9000244140625,1270.699951171875,1263.9000244140625,1269.199951171875,108388
2026-03-24 04:15:00+00:00,1260.699951171875,1263.9000244140625,1258.300048828125,1263.9000244140625,91534
2026-03-24 04:30:00+00:00,1259.5999755859375,1262.0,1253.9000244140625,1261.4000244140625,97844
2026-03-24 04:45:00+00:00,1254.4000244140625,1262.0999755859375,1254.4000244140625,1259.4000244140625,148075
2026-03-24 05:00:00+00:00,1252.199951171875,1257.0,1250.5,1254.699951171875,310598
2026-03-24 05:15:00+00:00,1253.300048828125,1257.0999755859375,1251.9000244140625,1253.199951171875,119772
2026-03-24 05:30:00+00:00,1255.800048828125,1256.9000244140625,1253.199951171875,1254.0,100995
2026-03-24 05:45:00+00:00,1258.800048828125,1260.0,1256.0,1256.0999755859375,115125
2026-03-24 06:00:00+00:00,1260.5,1260.9000244140625,1258.0999755859375,1259.800048828125,93969
2026-03-24 06:15:00+00:00,1266.300048828125,1268.300048828125,1258.699951171875,1260.0999755859375,209004
2026-03-24 06:30:00+00:00,1256.0999755859375,1267.300048828125,1255.0,1266.300048828125,102357
2026-03-24 06:45:00+00:00,1258.300048828125,1264.800048828125,1254.800048828125,1255.800048828125,111302
2026-03-24 07:00:00+00:00,1260.699951171875,1262.4000244140625,1256.4000244140625,1258.300048828125,94864
2026-03-24 07:15:00+00:00,1259.5,1262.300048828125,1257.0999755859375,1260.9000244140625,99574
2026-03-24 07:30:00+00:00,1255.4000244140625,1259.5999755859375,1253.0999755859375,1259.5999755859375,160615
2026-03-24 07:45:00+00:00,1257.0999755859375,1258.199951171875,1253.5999755859375,1255.4000244140625,98427
2026-03-24 08:00:00+00:00,1257.5,1258.4000244140625,1255.199951171875,1255.9000244140625,91192
2026-03-24 08:15:00+00:00,1254.300048828125,1259.5999755859375,1251.199951171875,1257.699951171875,89450
2026-03-24 08:30:00+00:00,1255.0,1255.0,1251.800048828125,1254.199951171875,58322
2026-03-24 08:45:00+00:00,1251.699951171875,1257.800048828125,1250.5,1254.800048828125,74344
2026-03-24 09:00:00+00:00,1251.300048828125,1255.800048828125,1250.5,1251.5,68997
2026-03-24 09:15:00+00:00,1253.5999755859375,1253.5999755859375,1248.699951171875,1251.300048828125,73277
2026-03-24 09:30:00+00:00,1260.0,1262.699951171875,1251.5999755859375,1252.9000244140625,235799
2026-03-24 09:45:00+00:00,1259.5999755859375,1263.5999755859375,1256.300048828125,1260.0,232210
2026-03-25 03:45:00+00:00,1276.5,1277.9000244140625,1262.5999755859375,1265.0,41395
2026-03-25 04:00:00+00:00,1280.5999755859375,1282.4000244140625,1276.199951171875,1276.199951171875,61789
2026-03-25 04:15:00+00:00,1287.800048828125,1289.300048828125,1280.699951171875,1281.4000244140625,57732
2026-03-25 04:30:00+00:00,1291.5,1291.5,1284.699951171875,1288.0,68155
2026-03-25 04:45:00+00:00,1292.5999755859375,1294.5999755859375,1291.0,1291.9000244140625,78111
2026-03-25 05:00:00+00:00,1293.0999755859375,1293.5999755859375,1290.199951171875,1292.5999755859375,56181
2026-03-25 05:15:00+00:00,1293.5999755859375,1294.5,1290.699951171875,1293.0999755859375,50160
2026-03-25 05:30:00+00:00,1292.5,1298.9000244140625,1291.0999755859375,1293.0999755859375,69597
2026-03-25 05:45:00+00:00,1292.4000244140625,1292.9000244140625,1290.0,1292.5,46947
2026-03-25 06:00:00+00:00,1293.699951171875,1295.0999755859375,1292.5,1292.9000244140625,50246
2026-03-25 06:15:00+00:00,1294.0,1296.0,1292.300048828125,1293.300048828125,40252
2026-03-25 06:30:00+00:00,1297.300048828125,1297.300048828125,1294.199951171875,1294.5999755859375,22360
2026-03-25 06:45:00+00:00,1297.699951171875,1298.5999755859375,1295.800048828125,1297.300048828125,25324
2026-03-25 07:00:00+00:00,1302.5,1303.0,1296.5,1297.800048828125,27714
2026-03-25 07:15:00+00:00,1292.5999755859375,1302.5999755859375,1290.699951171875,1302.5,54307
2026-03-25 07:30:00+00:00,1299.5,1300.699951171875,1291.5,1292.5,60094
2026-03-25 07:45:00+00:00,1299.9000244140625,1300.699951171875,1297.0999755859375,1299.4000244140625,56050
2026-03-25 08:00:00+00:00,1301.9000244140625,1302.5,1298.5999755859375,1299.9000244140625,58517
2026-03-25 08:15:00+00:00,1303.5,1304.699951171875,1301.0999755859375,1301.4000244140625,84399
2026-03-25 08:30:00+00:00,1307.5,1308.4000244140625,1304.0,1304.0,56970
2026-03-25 08:45:00+00:00,1302.9000244140625,1309.0,1302.0,1307.5,48229
2026-03-25 09:00:00+00:00,1301.9000244140625,1304.199951171875,1300.5,1303.300048828125,73912
2026-03-25 09:15:00+00:00,1302.5999755859375,1304.0,1299.5,1301.9000244140625,81966
2026-03-25 09:30:00+00:00,1301.0,1304.4000244140625,1298.199951171875,1302.4000244140625,151376
2026-03-25 09:45:00+00:00,1308.0,1308.0,1296.0,1301.0999755859375,108845
2026-03-27 03:45:00+00:00,1290.5999755859375,1296.5999755859375,1283.4000244140625,1296.5999755859375,38156
2026-03-27 04:00:00+00:00,1297.699951171875,1297.699951171875,1291.199951171875,1291.199951171875,84421
2026-03-27 04:15:00+00:00,1298.0999755859375,1299.0,1296.4000244140625,1297.699951171875,59416
2026-03-27 04:30:00+00:00,1299.300048828125,1301.699951171875,1298.0999755859375,1298.4000244140625,107449
2026-03-27 04:45:00+00:00,1298.800048828125,1300.699951171875,1296.9000244140625,1298.800048828125,64521
2026-03-27 05:00:00+00:00,1298.4000244140625,1299.4000244140625,1297.0,1298.800048828125,31472
2026-03-27 05:15:00+00:00,1298.0,1299.0,1296.199951171875,1299.0,29532
2026-03-27 05:30:00+00:00,1300.5,1301.699951171875,1296.300048828125,1297.5999755859375,40402
2026-03-27 05:45:00+00:00,1296.0999755859375,1300.5,1295.5,1300.5,33823
2026-03-27 06:00:00+00:00,1299.4000244140625,1300.300048828125,1296.0999755859375,1296.0999755859375,37762
2026-03-27 06:15:00+00:00,1300.0999755859375,1300.800048828125,1298.800048828125,1298.800048828125,35722
2026-03-27 06:30:00+00:00,1299.199951171875,1300.0999755859375,1297.199951171875,1300.0,15530
2026-03-27 06:45:00+00:00,1298.5,1299.699951171875,1296.300048828125,1299.0,57888
2026-03-27 07:00:00+00:00,1296.0999755859375,1300.4000244140625,1295.699951171875,1298.4000244140625,32361
2026-03-27 07:15:00+00:00,1293.4000244140625,1297.199951171875,1293.4000244140625,1296.0999755859375,30114
2026-03-27 07:30:00+00:00,1292.4000244140625,1293.9000244140625,1291.300048828125,1293.4000244140625,20534
2026-03-27 07:45:00+00:00,1294.699951171875,1297.0,1292.0999755859375,1292.199951171875,25154
2026-03-27 08:00:00+00:00,1295.0999755859375,1296.4000244140625,1293.300048828125,1294.4000244140625,31202
2026-03-27 08:15:00+00:00,1293.0,1296.300048828125,1293.0,1294.800048828125,40899
2026-03-27 08:30:00+00:00,1289.800048828125,1293.0,1289.0,1293.0,87756
2026-03-27 08:45:00+00:00,1285.699951171875,1290.0,1285.0,1289.5999755859375,58527
2026-03-27 09:00:00+00:00,1285.300048828125,1286.800048828125,1284.4000244140625,1285.699951171875,87744
2026-03-27 09:15:00+00:00,1285.0,1286.199951171875,1283.699951171875,1285.0,91104
2026-03-27 09:30:00+00:00,1278.9000244140625,1284.300048828125,1278.5,1284.300048828125,438990
2026-03-27 09:45:00+00:00,1281.699951171875,1298.0,1278.699951171875,1279.199951171875,538440
2026-03-30 03:45:00+00:00,1264.800048828125,1269.0,1259.0,1269.0,44484
2026-03-30 04:00:00+00:00,1265.800048828125,1273.300048828125,1264.5,1266.0,52309
2026-03-30 04:15:00+00:00,1261.0,1267.300048828125,1258.0,1265.699951171875,67303
2026-03-30 04:30:00+00:00,1260.4000244140625,1262.5999755859375,1258.4000244140625,1260.9000244140625,39750
2026-03-30 04:45:00+00:00,1258.300048828125,1260.800048828125,1257.199951171875,1259.800048828125,26949
2026-03-30 05:00:00+00:00,1258.0,1260.300048828125,1255.9000244140625,1257.9000244140625,16108
2026-03-30 05:15:00+00:00,1259.0999755859375,1260.699951171875,1256.199951171875,1258.0999755859375,29287
2026-03-30 05:30:00+00:00,1259.5,1260.5,1257.800048828125,1258.699951171875,15765
2026-03-30 05:45:00+00:00,1258.5999755859375,1261.9000244140625,1258.5999755859375,1259.199951171875,19986
2026-03-30 06:00:00+00:00,1260.0,1261.800048828125,1258.5,1258.5999755859375,20974
2026-03-30 06:15:00+00:00,1263.0,1263.699951171875,1259.5999755859375,1259.9000244140625,14940
2026-03-30 06:30:00+00:00,1270.5999755859375,1271.199951171875,1262.9000244140625,1263.0,32644
2026-03-30 06:45:00+00:00,1263.800048828125,1271.4000244140625,1263.300048828125,1270.699951171875,34842
2026-03-30 07:00:00+00:00,1264.0,1268.5999755859375,1263.800048828125,1264.300048828125,47584
2026-03-30 07:15:00+00:00,1259.199951171875,1264.199951171875,1258.699951171875,1263.800048828125,25890
2026-03-30 07:30:00+00:00,1261.199951171875,1262.4000244140625,1258.699951171875,1259.4000244140625,24030
2026-03-30 07:45:00+00:00,1262.199951171875,1262.5,1260.5,1261.199951171875,25215
2026-03-30 08:00:00+00:00,1263.0999755859375,1264.800048828125,1261.800048828125,1262.199951171875,44319
2026-03-30 08:15:00+00:00,1259.699951171875,1263.0999755859375,1259.5999755859375,1262.9000244140625,33224
2026-03-30 08:30:00+00:00,1261.9000244140625,1264.699951171875,1259.5999755859375,1259.5999755859375,36397
2026-03-30 08:45:00+00:00,1260.0999755859375,1262.699951171875,1259.5999755859375,1261.5999755859375,32708
2026-03-30 09:00:00+00:00,1260.300048828125,1261.5999755859375,1256.5999755859375,1260.300048828125,64091
2026-03-30 09:15:00+00:00,1257.4000244140625,1261.199951171875,1257.0,1261.199951171875,59400
2026-03-30 09:30:00+00:00,1255.5999755859375,1257.5,1251.0999755859375,1256.699951171875,592647
2026-03-30 09:45:00+00:00,1254.9000244140625,1258.699951171875,1252.0,1255.699951171875,496142
2026-04-01 03:45:00+00:00,1279.4000244140625,1281.0,1263.0,1280.0,52535
2026-04-01 04:00:00+00:00,1279.5999755859375,1283.0,1275.800048828125,1279.4000244140625,50965
2026-04-01 04:15:00+00:00,1272.0999755859375,1279.9000244140625,1271.5,1279.0,48241
2026-04-01 04:30:00+00:00,1265.4000244140625,1272.9000244140625,1265.199951171875,1271.199951171875,38079
2026-04-01 04:45:00+00:00,1255.9000244140625,1265.800048828125,1255.0,1265.800048828125,75631
2026-04-01 05:00:00+00:00,1257.5999755859375,1259.199951171875,1254.5,1257.0999755859375,35698
2026-04-01 05:15:00+00:00,1248.5999755859375,1257.800048828125,1247.5999755859375,1257.5999755859375,52423
2026-04-01 05:30:00+00:00,1247.5,1249.800048828125,1243.0,1248.4000244140625,70002
2026-04-01 05:45:00+00:00,1247.5999755859375,1252.800048828125,1247.5999755859375,1248.0,35405
2026-04-01 06:00:00+00:00,1247.0,1250.5,1246.0999755859375,1247.5999755859375,23795
2026-04-01 06:15:00+00:00,1241.5,1246.800048828125,1239.0,1246.800048828125,52053
2026-04-01 06:30:00+00:00,1243.0999755859375,1245.199951171875,1241.0999755859375,1241.199951171875,38259
2026-04-01 06:45:00+00:00,1241.5,1244.0999755859375,1240.5,1243.0,54641
2026-04-01 07:00:00+00:00,1236.0,1242.4000244140625,1235.5,1241.5,65789
2026-04-01 07:15:00+00:00,1234.300048828125,1239.5,1234.199951171875,1236.4000244140625,142287
2026-04-01 07:30:00+00:00,1229.5999755859375,1238.9000244140625,1225.300048828125,1234.800048828125,104936
2026-04-01 07:45:00+00:00,1222.0999755859375,1230.0999755859375,1220.4000244140625,1229.5999755859375,94971
2026-04-01 08:00:00+00:00,1222.4000244140625,1224.9000244140625,1219.4000244140625,1222.0999755859375,95491
2026-04-01 08:15:00+00:00,1221.4000244140625,1224.0999755859375,1221.0999755859375,1222.699951171875,113124
2026-04-01 08:30:00+00:00,1220.9000244140625,1221.5,1215.5999755859375,1221.5,75568
2026-04-01 08:45:00+00:00,1212.800048828125,1221.0999755859375,1212.0999755859375,1221.0,79145
2026-04-01 09:00:00+00:00,1208.4000244140625,1213.800048828125,1207.300048828125,1212.800048828125,118754
2026-04-01 09:15:00+00:00,1208.5999755859375,1211.0999755859375,1206.5,1208.0,101948
2026-04-01 09:30:00+00:00,1208.699951171875,1214.300048828125,1206.5,1208.5,314443
2026-04-01 09:45:00+00:00,1207.5,1210.0,1207.0,1208.699951171875,195511
2026-04-02 03:45:00+00:00,1180.800048828125,1198.5999755859375,1167.5,1194.5999755859375,90174
2026-04-02 04:00:00+00:00,1185.699951171875,1187.5999755859375,1176.9000244140625,1180.800048828125,131020
2026-04-02 04:15:00+00:00,1185.4000244140625,1188.800048828125,1183.5999755859375,1185.199951171875,65585
2026-04-02 04:30:00+00:00,1184.5,1190.0,1180.199951171875,1184.4000244140625,76767
2026-04-02 04:45:00+00:00,1185.5,1187.800048828125,1180.4000244140625,1184.5999755859375,65763
2026-04-02 05:00:00+00:00,1189.0,1193.0,1184.9000244140625,1185.4000244140625,52210
2026-04-02 05:15:00+00:00,1191.699951171875,1193.199951171875,1186.199951171875,1188.9000244140625,83096
2026-04-02 05:30:00+00:00,1203.0999755859375,1203.0999755859375,1190.699951171875,1191.5999755859375,124244
2026-04-02 05:45:00+00:00,1203.800048828125,1204.0999755859375,1200.4000244140625,1202.800048828125,127034
2026-04-02 06:00:00+00:00,1210.699951171875,1211.699951171875,1203.5,1203.800048828125,153688
2026-04-02 06:15:00+00:00,1212.4000244140625,1213.9000244140625,1207.5999755859375,1210.4000244140625,138425
2026-04-02 06:30:00+00:00,1214.9000244140625,1217.0999755859375,1210.5,1212.300048828125,130463
2026-04-02 06:45:00+00:00,1214.5,1216.0,1208.5,1214.4000244140625,154172
2026-04-02 07:00:00+00:00,1215.9000244140625,1216.9000244140625,1211.5999755859375,1214.5,157380
2026-04-02 07:15:00+00:00,1219.300048828125,1219.699951171875,1215.0999755859375,1216.5,152122
2026-04-02 07:30:00+00:00,1214.300048828125,1220.9000244140625,1212.300048828125,1219.5,162633
2026-04-02 07:45:00+00:00,1215.300048828125,1218.5999755859375,1211.5999755859375,1214.4000244140625,146564
2026-04-02 08:00:00+00:00,1216.5999755859375,1217.199951171875,1213.4000244140625,1215.4000244140625,118217
2026-04-02 08:15:00+00:00,1213.5,1217.4000244140625,1212.5999755859375,1216.300048828125,123422
2026-04-02 08:30:00+00:00,1215.0,1217.0999755859375,1211.4000244140625,1213.199951171875,160605
2026-04-02 08:45:00+00:00,1214.199951171875,1216.0,1212.0,1215.0,143927
2026-04-02 09:00:00+00:00,1212.5,1216.5,1210.699951171875,1214.199951171875,164137
2026-04-02 09:15:00+00:00,1217.4000244140625,1219.199951171875,1210.5,1212.4000244140625,231228
2026-04-02 09:30:00+00:00,1218.9000244140625,1222.4000244140625,1215.4000244140625,1217.9000244140625,290704
2026-04-02 09:45:00+00:00,1214.0,1219.5999755859375,1212.199951171875,1218.9000244140625,210468
2026-04-06 03:45:00+00:00,1205.0,1219.5999755859375,1202.699951171875,1219.5999755859375,41564
2026-04-06 04:00:00+00:00,1204.5,1210.300048828125,1202.199951171875,1204.0,42416
2026-04-06 04:15:00+00:00,1200.9000244140625,1205.800048828125,1200.9000244140625,1205.4000244140625,42971
2026-04-06 04:30:00+00:00,1201.300048828125,1202.5,1197.300048828125,1201.4000244140625,55449
2026-04-06 04:45:00+00:00,1207.5,1208.5,1200.0999755859375,1202.0,56412
2026-04-06 05:00:00+00:00,1201.300048828125,1207.4000244140625,1200.5999755859375,1207.4000244140625,33469
2026-04-06 05:15:00+00:00,1201.0,1205.0,1200.0999755859375,1202.0,26813
2026-04-06 05:30:00+00:00,1197.199951171875,1202.0,1196.4000244140625,1201.0,22250
2026-04-06 05:45:00+00:00,1202.5999755859375,1202.800048828125,1196.5,1197.4000244140625,19160
2026-04-06 06:00:00+00:00,1201.0,1202.5999755859375,1199.0,1202.0,16189
2026-04-06 06:15:00+00:00,1201.800048828125,1204.300048828125,1199.699951171875,1200.9000244140625,14274
2026-04-06 06:30:00+00:00,1200.699951171875,1202.199951171875,1197.0999755859375,1201.9000244140625,40689
2026-04-06 06:45:00+00:00,1202.699951171875,1205.9000244140625,1200.699951171875,1200.699951171875,25939
2026-04-06 07:00:00+00:00,1203.699951171875,1204.0999755859375,1200.699951171875,1203.0,24845
2026-04-06 07:15:00+00:00,1207.0999755859375,1208.5,1204.0,1204.0,29671
2026-04-06 07:30:00+00:00,1206.5,1208.9000244140625,1205.5,1207.0999755859375,25781
2026-04-06 07:45:00+00:00,1208.9000244140625,1209.5,1205.0999755859375,1207.0,23887
2026-04-06 08:00:00+00:00,1207.300048828125,1209.5999755859375,1204.0999755859375,1208.9000244140625,35357
2026-04-06 08:15:00+00:00,1206.199951171875,1208.300048828125,1206.0,1207.300048828125,27162
2026-04-06 08:30:00+00:00,1209.699951171875,1209.9000244140625,1206.0999755859375,1206.5999755859375,53329
2026-04-06 08:45:00+00:00,1211.5999755859375,1212.5,1209.300048828125,1209.9000244140625,30970
2026-04-06 09:00:00+00:00,1212.300048828125,1212.5999755859375,1210.0,1211.4000244140625,20523
2026-04-06 09:15:00+00:00,1215.300048828125,1216.0999755859375,1211.0999755859375,1212.300048828125,80452
2026-04-06 09:30:00+00:00,1220.0,1220.800048828125,1215.4000244140625,1215.4000244140625,124982
2026-04-06 09:45:00+00:00,1217.800048828125,1219.9000244140625,1214.0999755859375,1219.9000244140625,117537
2026-04-07 03:45:00+00:00,1207.5,1209.0999755859375,1195.0999755859375,1209.0999755859375,46596
2026-04-07 04:00:00+00:00,1202.5999755859375,1208.5999755859375,1201.800048828125,1207.9000244140625,22093
2026-04-07 04:15:00+00:00,1201.199951171875,1203.199951171875,1198.199951171875,1203.0,139359
2026-04-07 04:30:00+00:00,1203.300048828125,1204.5999755859375,1200.300048828125,1201.199951171875,19605
2026-04-07 04:45:00+00:00,1201.699951171875,1207.699951171875,1198.4000244140625,1203.0,39740
2026-04-07 05:00:00+00:00,1204.9000244140625,1205.5999755859375,1200.0,1201.699951171875,25689
2026-04-07 05:15:00+00:00,1197.0,1206.4000244140625,1196.699951171875,1205.0,41452
2026-04-07 05:30:00+00:00,1198.9000244140625,1200.0,1196.0,1197.199951171875,54840
2026-04-07 05:45:00+00:00,1202.0,1202.300048828125,1198.0999755859375,1198.5,25729
2026-04-07 06:00:00+00:00,1198.800048828125,1202.199951171875,1197.0,1202.0,31704
2026-04-07 06:15:00+00:00,1204.5,1204.5,1198.199951171875,1198.800048828125,103582
2026-04-07 06:30:00+00:00,1199.4000244140625,1204.699951171875,1198.5,1204.5,57180
2026-04-07 06:45:00+00:00,1201.4000244140625,1202.300048828125,1198.300048828125,1199.5999755859375,26138
2026-04-07 07:00:00+00:00,1201.800048828125,1202.5,1200.800048828125,1201.4000244140625,22878
2026-04-07 07:15:00+00:00,1182.800048828125,1201.9000244140625,1182.0,1201.699951171875,138121
2026-04-07 07:30:00+00:00,1187.0999755859375,1187.5,1182.199951171875,1182.800048828125,73507
2026-04-07 07:45:00+00:00,1179.5999755859375,1187.300048828125,1179.5999755859375,1187.0999755859375,203772
2026-04-07 08:00:00+00:00,1185.4000244140625,1187.0999755859375,1179.5,1180.0,196646
2026-04-07 08:15:00+00:00,1179.9000244140625,1185.4000244140625,1179.0,1185.4000244140625,107942
2026-04-07 08:30:00+00:00,1181.0,1182.5999755859375,1179.199951171875,1179.800048828125,68762
2026-04-07 08:45:00+00:00,1183.5999755859375,1184.0,1179.800048828125,1181.5,80167
2026-04-07 09:00:00+00:00,1182.0,1185.0,1181.0,1183.4000244140625,76462
2026-04-07 09:15:00+00:00,1189.4000244140625,1189.9000244140625,1182.199951171875,1182.5999755859375,117139
2026-04-07 09:30:00+00:00,1195.4000244140625,1199.0,1186.699951171875,1189.5999755859375,321711
2026-04-07 09:45:00+00:00,1198.0,1200.0,1194.5999755859375,1195.0,250537
2026-04-08 03:45:00+00:00,1208.0,1218.800048828125,1206.199951171875,1212.800048828125,62964
2026-04-08 04:00:00+00:00,1204.0999755859375,1210.9000244140625,1202.0,1208.5,77495
2026-04-08 04:15:00+00:00,1194.300048828125,1205.5999755859375,1194.0,1204.4000244140625,92293
2026-04-08 04:30:00+00:00,1187.300048828125,1195.5999755859375,1186.0,1194.300048828125,94963
2026-04-08 04:45:00+00:00,1192.5,1194.4000244140625,1187.0999755859375,1187.5999755859375,132776
2026-04-08 05:00:00+00:00,1191.0,1193.0,1190.0,1192.4000244140625,53700
2026-04-08 05:15:00+00:00,1190.199951171875,1191.5999755859375,1190.0,1191.5,35910
2026-04-08 05:30:00+00:00,1190.4000244140625,1191.0,1189.0,1190.199951171875,90000
2026-04-08 05:45:00+00:00,1192.5999755859375,1193.800048828125,1190.4000244140625,1190.4000244140625,72382
2026-04-08 06:00:00+00:00,1192.800048828125,1195.5999755859375,1191.0,1192.5,38584
2026-04-08 06:15:00+00:00,1190.300048828125,1193.4000244140625,1189.4000244140625,1192.800048828125,45641
2026-04-08 06:30:00+00:00,1192.5,1193.800048828125,1189.5999755859375,1190.300048828125,33772
2026-04-08 06:45:00+00:00,1192.0999755859375,1193.5999755859375,1191.0999755859375,1192.4000244140625,26999
2026-04-08 07:00:00+00:00,1190.0999755859375,1192.0999755859375,1190.0,1192.0,26308
2026-04-08 07:15:00+00:00,1191.0999755859375,1192.4000244140625,1190.0999755859375,1190.0999755859375,29454
2026-04-08 07:30:00+00:00,1191.5,1192.800048828125,1190.0999755859375,1191.5,25994
2026-04-08 07:45:00+00:00,1191.0,1192.9000244140625,1190.5,1191.0999755859375,24193
2026-04-08 08:00:00+00:00,1191.0,1191.699951171875,1190.0999755859375,1191.0,34745
2026-04-08 08:15:00+00:00,1191.0,1193.699951171875,1190.0999755859375,1191.0,42504
2026-04-08 08:30:00+00:00,1191.0999755859375,1191.5999755859375,1190.4000244140625,1191.0,23472
2026-04-08 08:45:00+00:00,1189.800048828125,1191.5,1189.800048828125,1191.0999755859375,38098
2026-04-08 09:00:00+00:00,1190.0,1190.199951171875,1189.4000244140625,1189.4000244140625,76862
2026-04-08 09:15:00+00:00,1189.9000244140625,1190.4000244140625,1188.699951171875,1190.0,96588
2026-04-08 09:30:00+00:00,1190.300048828125,1192.5,1189.0,1189.699951171875,420941
2026-04-08 09:45:00+00:00,1192.199951171875,1194.4000244140625,1190.4000244140625,1190.4000244140625,298001
2026-04-09 03:45:00+00:00,1203.5999755859375,1204.4000244140625,1190.4000244140625,1191.0999755859375,87358
2026-04-09 04:00:00+00:00,1207.699951171875,1207.800048828125,1197.5999755859375,1202.199951171875,115584
2026-04-09 04:15:00+00:00,1201.4000244140625,1208.9000244140625,1200.5999755859375,1207.800048828125,110357
2026-04-09 04:30:00+00:00,1204.5,1205.5,1198.9000244140625,1201.0,79385
2026-04-09 04:45:00+00:00,1205.0,1206.9000244140625,1203.0,1204.199951171875,178083
2026-04-09 05:00:00+00:00,1203.9000244140625,1206.800048828125,1202.5999755859375,1205.0,129795
2026-04-09 05:15:00+00:00,1206.0999755859375,1206.800048828125,1202.0999755859375,1203.5,66322
2026-04-09 05:30:00+00:00,1207.199951171875,1208.4000244140625,1205.0999755859375,1205.9000244140625,402006
2026-04-09 05:45:00+00:00,1208.5999755859375,1211.4000244140625,1206.0,1207.4000244140625,101339
2026-04-09 06:00:00+00:00,1211.5999755859375,1211.699951171875,1208.0999755859375,1208.4000244140625,58178
2026-04-09 06:15:00+00:00,1211.5,1211.699951171875,1209.800048828125,1211.5999755859375,46737
2026-04-09 06:30:00+00:00,1211.300048828125,1212.699951171875,1209.9000244140625,1211.0,42701
2026-04-09 06:45:00+00:00,1213.4000244140625,1214.699951171875,1210.699951171875,1211.300048828125,71607
2026-04-09 07:00:00+00:00,1212.699951171875,1214.0,1212.5999755859375,1213.300048828125,47901
2026-04-09 07:15:00+00:00,1210.0,1212.800048828125,1209.0,1212.800048828125,95008
2026-04-09 07:30:00+00:00,1212.800048828125,1214.0999755859375,1210.0999755859375,1210.300048828125,61313
2026-04-09 07:45:00+00:00,1211.5999755859375,1212.800048828125,1210.5999755859375,1212.800048828125,46570
2026-04-09 08:00:00+00:00,1210.800048828125,1212.4000244140625,1210.199951171875,1211.5999755859375,40725
2026-04-09 08:15:00+00:00,1211.699951171875,1212.199951171875,1210.0,1211.0,45386
2026-04-09 08:30:00+00:00,1210.4000244140625,1212.5,1210.0,1211.5,39523
2026-04-09 08:45:00+00:00,1211.5999755859375,1212.0,1209.4000244140625,1210.5999755859375,58918
2026-04-09 09:00:00+00:00,1211.0,1211.5999755859375,1209.5,1211.5999755859375,64613
2026-04-09 09:15:00+00:00,1209.800048828125,1211.0999755859375,1207.4000244140625,1211.0999755859375,134052
2026-04-09 09:30:00+00:00,1212.300048828125,1213.5,1208.4000244140625,1209.800048828125,309803
2026-04-09 09:45:00+00:00,1211.0,1213.9000244140625,1210.0,1212.300048828125,225322
2026-04-10 03:45:00+00:00,1217.5999755859375,1219.4000244140625,1210.699951171875,1211.4000244140625,50050
2026-04-10 04:00:00+00:00,1223.5999755859375,1224.800048828125,1217.0,1217.4000244140625,103001
2026-04-10 04:15:00+00:00,1220.300048828125,1224.4000244140625,1220.0,1224.0,87967
2026-04-10 04:30:00+00:00,1222.199951171875,1222.800048828125,1213.800048828125,1220.300048828125,70544
2026-04-10 04:45:00+00:00,1221.5999755859375,1223.5999755859375,1220.5,1222.9000244140625,81679
2026-04-10 05:00:00+00:00,1221.0,1222.5,1220.199951171875,1221.4000244140625,40891
2026-04-10 05:15:00+00:00,1224.5999755859375,1224.5999755859375,1220.0,1221.0,50927
2026-04-10 05:30:00+00:00,1227.5,1227.5,1224.0,1224.5999755859375,65902
2026-04-10 05:45:00+00:00,1230.4000244140625,1230.5,1227.0,1227.699951171875,57421
2026-04-10 06:00:00+00:00,1231.5999755859375,1233.0,1230.300048828125,1230.5,63339
2026-04-10 06:15:00+00:00,1235.800048828125,1235.800048828125,1229.5999755859375,1231.699951171875,64686
2026-04-10 06:30:00+00:00,1235.0,1236.800048828125,1234.5999755859375,1235.5999755859375,54674
2026-04-10 06:45:00+00:00,1229.5,1235.800048828125,1228.699951171875,1235.4000244140625,82088
2026-04-10 07:00:00+00:00,1229.199951171875,1231.5,1228.5999755859375,1229.5,33150
2026-04-10 07:15:00+00:00,1226.699951171875,1230.800048828125,1226.0,1229.699951171875,46202
2026-04-10 07:30:00+00:00,1227.300048828125,1228.5999755859375,1226.199951171875,1226.699951171875,37879
2026-04-10 07:45:00+00:00,1227.0999755859375,1228.0,1225.800048828125,1227.5999755859375,38803
2026-04-10 08:00:00+00:00,1227.300048828125,1229.5,1226.699951171875,1227.4000244140625,41125
2026-04-10 08:15:00+00:00,1232.5,1233.4000244140625,1227.0,1227.300048828125,47665
2026-04-10 08:30:00+00:00,1230.300048828125,1233.5,1229.199951171875,1232.199951171875,45520
2026-04-10 08:45:00+00:00,1231.0,1231.0,1227.0999755859375,1230.800048828125,55881
2026-04-10 09:00:00+00:00,1230.9000244140625,1231.5999755859375,1229.5,1230.800048828125,53706
2026-04-10 09:15:00+00:00,1232.199951171875,1233.800048828125,1230.0999755859375,1230.9000244140625,64003
2026-04-10 09:30:00+00:00,1235.699951171875,1235.699951171875,1232.300048828125,1232.4000244140625,165954
2026-04-10 09:45:00+00:00,1229.0,1236.0,1228.199951171875,1235.4000244140625,350688
2026-04-13 03:45:00+00:00,1210.300048828125,1222.199951171875,1208.0999755859375,1220.4000244140625,87713
2026-04-13 04:00:00+00:00,1206.5,1212.199951171875,1204.800048828125,1209.800048828125,48710
2026-04-13 04:15:00+00:00,1214.199951171875,1214.300048828125,1204.300048828125,1206.4000244140625,95652
2026-04-13 04:30:00+00:00,1212.9000244140625,1217.0999755859375,1211.5999755859375,1213.800048828125,50035
2026-04-13 04:45:00+00:00,1218.4000244140625,1219.0,1211.199951171875,1212.5999755859375,38743
2026-04-13 05:00:00+00:00,1219.199951171875,1220.199951171875,1216.199951171875,1218.199951171875,23099
2026-04-13 05:15:00+00:00,1223.0,1224.0,1219.300048828125,1219.5,24667
2026-04-13 05:30:00+00:00,1226.5,1226.800048828125,1222.199951171875,1222.800048828125,46091
2026-04-13 05:45:00+00:00,1223.300048828125,1227.0,1223.0,1226.5,20317
2026-04-13 06:00:00+00:00,1221.5999755859375,1224.199951171875,1220.5999755859375,1223.300048828125,23598
2026-04-13 06:15:00+00:00,1222.9000244140625,1224.699951171875,1221.0,1221.5999755859375,17925
2026-04-13 06:30:00+00:00,1223.300048828125,1225.0,1222.9000244140625,1223.9000244140625,7903
2026-04-13 06:45:00+00:00,1226.9000244140625,1227.0,1222.5999755859375,1223.300048828125,11307
2026-04-13 07:00:00+00:00,1229.800048828125,1229.9000244140625,1226.800048828125,1227.0,19310
2026-04-13 07:15:00+00:00,1229.0,1229.4000244140625,1226.199951171875,1229.4000244140625,54274
2026-04-13 07:30:00+00:00,1230.5,1232.0,1224.5,1229.0,20728
2026-04-13 07:45:00+00:00,1229.0999755859375,1230.699951171875,1228.0999755859375,1230.5999755859375,15135
2026-04-13 08:00:00+00:00,1233.4000244140625,1235.300048828125,1229.0999755859375,1229.0999755859375,32081
2026-04-13 08:15:00+00:00,1235.0,1235.0,1233.199951171875,1233.4000244140625,23553
2026-04-13 08:30:00+00:00,1230.0,1235.0,1228.5,1235.0,75110
2026-04-13 08:45:00+00:00,1231.699951171875,1232.199951171875,1228.5,1230.0,30357
2026-04-13 09:00:00+00:00,1233.5,1234.5999755859375,1231.699951171875,1232.300048828125,86011
2026-04-13 09:15:00+00:00,1235.199951171875,1235.800048828125,1233.0,1233.0,44907
2026-04-13 09:30:00+00:00,1235.199951171875,1237.199951171875,1234.5999755859375,1235.199951171875,176176
2026-04-13 09:45:00+00:00,1234.0,1238.800048828125,1230.9000244140625,1235.0,301131
2026-04-15 03:45:00+00:00,1201.800048828125,1212.5,1196.300048828125,1212.0,392659
2026-04-15 04:00:00+00:00,1210.0999755859375,1210.0999755859375,1201.0,1201.0999755859375,396609
2026-04-15 04:15:00+00:00,1212.0,1220.5999755859375,1210.199951171875,1210.4000244140625,519114
2026-04-15 04:30:00+00:00,1214.5,1215.9000244140625,1211.300048828125,1212.0,251305
2026-04-15 04:45:00+00:00,1216.0999755859375,1218.4000244140625,1212.4000244140625,1214.699951171875,169456
2026-04-15 05:00:00+00:00,1216.9000244140625,1219.9000244140625,1215.5999755859375,1216.199951171875,128841
2026-04-15 05:15:00+00:00,1213.9000244140625,1216.9000244140625,1213.4000244140625,1216.800048828125,98258
2026-04-15 05:30:00+00:00,1215.0,1215.4000244140625,1212.199951171875,1213.5999755859375,63894
2026-04-15 05:45:00+00:00,1217.199951171875,1217.5,1214.199951171875,1215.0999755859375,66995
2026-04-15 06:00:00+00:00,1219.4000244140625,1219.4000244140625,1216.4000244140625,1217.199951171875,92325
2026-04-15 06:15:00+00:00,1218.300048828125,1219.800048828125,1217.4000244140625,1219.199951171875,52074
2026-04-15 06:30:00+00:00,1216.5,1218.800048828125,1216.5,1218.199951171875,47386
2026-04-15 06:45:00+00:00,1217.699951171875,1218.0,1216.5,1217.0,41475
2026-04-15 07:00:00+00:00,1217.9000244140625,1218.0,1217.5,1217.800048828125,80020
2026-04-15 07:15:00+00:00,1218.0,1218.199951171875,1216.5,1217.9000244140625,134792
2026-04-15 07:30:00+00:00,1218.4000244140625,1219.5999755859375,1216.9000244140625,1217.4000244140625,151772
2026-04-15 07:45:00+00:00,1217.9000244140625,1219.699951171875,1217.699951171875,1218.800048828125,89432
2026-04-15 08:00:00+00:00,1217.9000244140625,1218.300048828125,1216.9000244140625,1218.199951171875,63972
2026-04-15 08:15:00+00:00,1216.0,1217.9000244140625,1215.5999755859375,1217.4000244140625,98383
2026-04-15 08:30:00+00:00,1217.0,1217.0,1214.300048828125,1216.0,179255
2026-04-15 08:45:00+00:00,1217.0,1217.800048828125,1216.300048828125,1217.0,33767
2026-04-15 09:00:00+00:00,1217.0,1218.0,1216.5,1217.0,112104
2026-04-15 09:15:00+00:00,1217.9000244140625,1218.699951171875,1215.0,1217.0,306720
2026-04-15 09:30:00+00:00,1215.9000244140625,1219.0,1214.9000244140625,1218.4000244140625,363383
2026-04-15 09:45:00+00:00,1220.0,1222.0,1215.300048828125,1216.0,276829
2026-04-16 03:45:00+00:00,1216.699951171875,1226.5999755859375,1214.0999755859375,1225.199951171875,105723
2026-04-16 04:00:00+00:00,1217.9000244140625,1219.9000244140625,1216.699951171875,1216.699951171875,105235
2026-04-16 04:15:00+00:00,1219.0,1219.9000244140625,1216.199951171875,1217.5,91058
2026-04-16 04:30:00+00:00,1220.0999755859375,1221.0,1218.0,1218.0,83292
2026-04-16 04:45:00+00:00,1222.5,1223.5999755859375,1219.699951171875,1219.9000244140625,67846
2026-04-16 05:00:00+00:00,1223.300048828125,1223.5,1220.800048828125,1222.699951171875,59624
2026-04-16 05:15:00+00:00,1219.4000244140625,1223.300048828125,1219.0,1223.199951171875,57067
2026-04-16 05:30:00+00:00,1222.199951171875,1222.699951171875,1219.0,1219.199951171875,38037
2026-04-16 05:45:00+00:00,1223.0,1223.4000244140625,1220.300048828125,1222.0999755859375,65371
2026-04-16 06:00:00+00:00,1219.5999755859375,1223.199951171875,1219.0,1222.5,67569
2026-04-16 06:15:00+00:00,1219.199951171875,1220.699951171875,1217.699951171875,1219.5999755859375,61548
2026-04-16 06:30:00+00:00,1221.0,1222.0,1219.0999755859375,1219.5999755859375,127728
2026-04-16 06:45:00+00:00,1221.9000244140625,1222.5,1220.4000244140625,1221.199951171875,38725
2026-04-16 07:00:00+00:00,1223.300048828125,1224.300048828125,1220.699951171875,1221.800048828125,72133
2026-04-16 07:15:00+00:00,1223.0999755859375,1223.800048828125,1222.699951171875,1223.199951171875,31314
2026-04-16 07:30:00+00:00,1223.5,1224.0,1222.5,1223.5,32004
2026-04-16 07:45:00+00:00,1222.800048828125,1225.5,1222.5,1223.4000244140625,113708
2026-04-16 08:00:00+00:00,1222.800048828125,1223.0,1221.5,1222.9000244140625,23717
2026-04-16 08:15:00+00:00,1223.5,1224.199951171875,1222.4000244140625,1222.699951171875,54352
2026-04-16 08:30:00+00:00,1223.9000244140625,1224.5999755859375,1223.0999755859375,1224.0999755859375,52052
2026-04-16 08:45:00+00:00,1225.199951171875,1225.199951171875,1223.5,1223.9000244140625,53861
2026-04-16 09:00:00+00:00,1225.9000244140625,1226.9000244140625,1225.0,1225.0,64743
2026-04-16 09:15:00+00:00,1223.9000244140625,1226.199951171875,1223.5999755859375,1225.800048828125,144140
2026-04-16 09:30:00+00:00,1221.199951171875,1224.0,1220.199951171875,1224.0,147266
2026-04-16 09:45:00+00:00,1220.800048828125,1222.199951171875,1220.0,1221.699951171875,120816
2026-04-17 03:45:00+00:00,1218.699951171875,1221.0999755859375,1213.699951171875,1217.0999755859375,32132
2026-04-17 04:00:00+00:00,1215.5,1219.5999755859375,1214.9000244140625,1219.0,73607
2026-04-17 04:15:00+00:00,1223.300048828125,1223.5,1215.0,1215.5,89963
2026-04-17 04:30:00+00:00,1223.4000244140625,1223.699951171875,1221.0,1223.0999755859375,85288
2026-04-17 04:45:00+00:00,1221.0,1225.0999755859375,1220.800048828125,1223.5999755859375,168722
2026-04-17 05:00:00+00:00,1221.9000244140625,1222.0999755859375,1218.300048828125,1220.800048828125,61329
2026-04-17 05:15:00+00:00,1222.699951171875,1223.5,1221.800048828125,1221.800048828125,41621
2026-04-17 05:30:00+00:00,1222.9000244140625,1223.5,1222.300048828125,1222.699951171875,42100
2026-04-17 05:45:00+00:00,1223.5,1223.5,1222.0,1222.800048828125,33564
2026-04-17 06:00:00+00:00,1223.199951171875,1223.699951171875,1222.9000244140625,1223.5,32812
2026-04-17 06:15:00+00:00,1225.5,1225.800048828125,1223.0,1223.5999755859375,73364
2026-04-17 06:30:00+00:00,1226.5,1227.199951171875,1223.9000244140625,1225.4000244140625,58412
2026-04-17 06:45:00+00:00,1228.0,1228.800048828125,1226.300048828125,1226.5999755859375,55902
2026-04-17 07:00:00+00:00,1229.5999755859375,1230.0,1227.199951171875,1227.9000244140625,67289
2026-04-17 07:15:00+00:00,1230.5999755859375,1231.5,1229.0999755859375,1229.0999755859375,73685
2026-04-17 07:30:00+00:00,1228.800048828125,1230.5999755859375,1228.5,1230.5,37419
2026-04-17 07:45:00+00:00,1229.4000244140625,1230.0,1227.800048828125,1228.800048828125,31375
2026-04-17 08:00:00+00:00,1230.300048828125,1230.800048828125,1229.300048828125,1229.699951171875,29311
2026-04-17 08:15:00+00:00,1228.300048828125,1230.4000244140625,1227.9000244140625,1230.300048828125,53276
2026-04-17 08:30:00+00:00,1229.5999755859375,1229.699951171875,1227.800048828125,1228.4000244140625,43992
2026-04-17 08:45:00+00:00,1229.699951171875,1230.199951171875,1229.300048828125,1229.4000244140625,34236
2026-04-17 09:00:00+00:00,1232.4000244140625,1232.5,1229.300048828125,1229.699951171875,62266
2026-04-17 09:15:00+00:00,1231.9000244140625,1232.9000244140625,1231.5,1232.4000244140625,56496
2026-04-17 09:30:00+00:00,1238.0,1238.0,1230.0,1231.9000244140625,638739
2026-04-17 09:45:00+00:00,1235.699951171875,1241.699951171875,1235.699951171875,1238.199951171875,494176
2026-04-20 03:45:00+00:00,1237.5,1237.5999755859375,1223.800048828125,1232.0,64208
2026-04-20 04:00:00+00:00,1236.0,1243.0,1235.199951171875,1237.5,111243
2026-04-20 04:15:00+00:00,1235.0,1236.9000244140625,1233.199951171875,1235.800048828125,64834
2026-04-20 04:30:00+00:00,1237.800048828125,1237.9000244140625,1234.9000244140625,1235.0,36502
2026-04-20 09:30:00+00:00,1233.5999755859375,1235.699951171875,1233.199951171875,1235.699951171875,1132049
2026-04-20 09:45:00+00:00,1230.9000244140625,1233.5,1228.5999755859375,1233.5,119521
2026-04-21 03:45:00+00:00,1229.0,1234.0,1227.699951171875,1234.0,30068
2026-04-21 04:00:00+00:00,1224.699951171875,1229.300048828125,1223.199951171875,1229.300048828125,50999
2026-04-21 04:15:00+00:00,1225.699951171875,1228.0,1224.5,1224.5,52680
2026-04-21 04:30:00+00:00,1224.5999755859375,1226.5,1223.300048828125,1225.5999755859375,67861
2026-04-21 04:45:00+00:00,1223.5999755859375,1225.0,1223.0,1224.5999755859375,35648
2026-04-21 05:00:00+00:00,1224.5999755859375,1226.0,1223.0,1223.4000244140625,32952
2026-04-21 05:15:00+00:00,1222.800048828125,1224.9000244140625,1222.4000244140625,1224.9000244140625,57359
2026-04-21 05:30:00+00:00,1222.0999755859375,1223.0,1221.0,1222.5,38780
2026-04-21 05:45:00+00:00,1221.5999755859375,1222.4000244140625,1220.199951171875,1221.699951171875,30673
2026-04-21 06:00:00+00:00,1220.300048828125,1222.199951171875,1218.800048828125,1221.4000244140625,57067
2026-04-21 06:15:00+00:00,1219.300048828125,1220.300048828125,1218.699951171875,1220.300048828125,24074
2026-04-21 06:30:00+00:00,1220.0,1232.5999755859375,1218.5999755859375,1219.4000244140625,24086
2026-04-21 06:45:00+00:00,1221.199951171875,1222.0,1219.5,1220.0,34684
2026-04-21 07:00:00+00:00,1221.0,1222.0,1220.0999755859375,1221.9000244140625,64116
2026-04-21 07:15:00+00:00,1220.5999755859375,1221.699951171875,1220.300048828125,1220.5999755859375,22985
2026-04-21 07:30:00+00:00,1220.5999755859375,1221.0,1220.5,1220.5999755859375,16167
2026-04-21 07:45:00+00:00,1220.800048828125,1221.5,1220.5,1220.5999755859375,28732
2026-04-21 08:00:00+00:00,1220.300048828125,1221.5,1220.0,1221.199951171875,16649
2026-04-21 08:15:00+00:00,1221.5,1221.9000244140625,1220.0,1220.0999755859375,78287
2026-04-21 08:30:00+00:00,1220.4000244140625,1221.699951171875,1220.199951171875,1221.5999755859375,54420
2026-04-21 08:45:00+00:00,1220.5,1221.0,1219.199951171875,1220.9000244140625,32654
2026-04-21 09:00:00+00:00,1219.5999755859375,1220.5999755859375,1219.300048828125,1220.5,30756
2026-04-21 09:15:00+00:00,1220.5,1221.9000244140625,1219.5999755859375,1219.5999755859375,61837
2026-04-21 09:30:00+00:00,1221.0,1221.800048828125,1220.0999755859375,1220.5999755859375,126530
2026-04-21 09:45:00+00:00,1221.0,1221.5,1219.800048828125,1221.0,136980
2026-04-22 03:45:00+00:00,1211.300048828125,1216.5,1209.0999755859375,1214.0,62847
2026-04-22 04:00:00+00:00,1214.9000244140625,1216.5,1209.0,1211.199951171875,67512
2026-04-22 04:15:00+00:00,1215.0,1217.0999755859375,1213.9000244140625,1215.0,77899
2026-04-22 04:30:00+00:00,1212.800048828125,1215.0999755859375,1212.0,1214.800048828125,44915
2026-04-22 04:45:00+00:00,1213.300048828125,1214.5,1212.0,1213.199951171875,45139
2026-04-22 05:00:00+00:00,1215.300048828125,1217.0,1213.800048828125,1213.800048828125,45152
2026-04-22 05:15:00+00:00,1215.5999755859375,1216.199951171875,1214.4000244140625,1215.699951171875,28042
2026-04-22 05:30:00+00:00,1219.0999755859375,1220.5,1215.699951171875,1215.699951171875,48607
2026-04-22 05:45:00+00:00,1219.0,1219.0999755859375,1218.300048828125,1218.800048828125,30944
2026-04-22 06:00:00+00:00,1220.199951171875,1220.5,1218.5999755859375,1218.800048828125,19796
2026-04-22 06:15:00+00:00,1218.800048828125,1220.5999755859375,1218.4000244140625,1220.300048828125,56170
2026-04-22 06:30:00+00:00,1220.0,1221.800048828125,1218.9000244140625,1218.9000244140625,33137
2026-04-22 06:45:00+00:00,1219.300048828125,1220.800048828125,1219.300048828125,1220.0,34026
2026-04-22 07:00:00+00:00,1222.5999755859375,1222.5999755859375,1219.4000244140625,1219.4000244140625,31290
2026-04-22 07:15:00+00:00,1225.699951171875,1225.9000244140625,1221.0,1223.0,85893
2026-04-22 07:30:00+00:00,1225.5,1226.0,1224.0,1225.699951171875,35557
2026-04-22 07:45:00+00:00,1224.5,1225.699951171875,1223.0,1225.300048828125,45883
2026-04-22 08:00:00+00:00,1223.699951171875,1225.300048828125,1223.0,1224.5999755859375,38857
2026-04-22 08:15:00+00:00,1221.300048828125,1223.800048828125,1220.0,1223.5999755859375,72656
2026-04-22 08:30:00+00:00,1219.4000244140625,1222.0,1219.0,1221.5,59946
2026-04-22 08:45:00+00:00,1222.4000244140625,1223.699951171875,1217.5999755859375,1219.0,78578
2026-04-22 09:00:00+00:00,1218.800048828125,1222.4000244140625,1218.4000244140625,1222.4000244140625,67649
2026-04-22 09:15:00+00:00,1221.0,1222.0,1218.800048828125,1218.800048828125,92454
2026-04-22 09:30:00+00:00,1214.800048828125,1220.5999755859375,1214.5999755859375,1220.0,110833
2026-04-22 09:45:00+00:00,1216.300048828125,1217.9000244140625,1214.0,1214.800048828125,127541
2026-04-23 03:45:00+00:00,1263.5999755859375,1264.0,1232.5999755859375,1232.5999755859375,449222
2026-04-23 04:00:00+00:00,1287.0999755859375,1289.5999755859375,1262.0,1263.4000244140625,906805
2026-04-23 04:15:00+00:00,1296.800048828125,1304.300048828125,1287.300048828125,1287.9000244140625,940862
2026-04-23 04:30:00+00:00,1306.0,1306.800048828125,1288.699951171875,1296.4000244140625,503381
2026-04-23 04:45:00+00:00,1300.0,1313.0,1275.0999755859375,1306.5999755859375,1532804
2026-04-23 05:00:00+00:00,1299.0,1305.0,1294.0,1300.0,448078
2026-04-23 05:15:00+00:00,1301.9000244140625,1303.0,1297.9000244140625,1299.0,252208
2026-04-23 05:30:00+00:00,1299.300048828125,1302.0,1297.0,1301.4000244140625,164200
2026-04-23 05:45:00+00:00,1302.0,1303.199951171875,1298.0,1299.300048828125,229443
2026-04-23 06:00:00+00:00,1297.5,1302.800048828125,1293.300048828125,1302.0,215335
2026-04-23 06:15:00+00:00,1298.0,1300.5999755859375,1293.0,1297.0,181822
2026-04-23 06:30:00+00:00,1301.9000244140625,1302.5,1293.199951171875,1297.699951171875,256596
2026-04-23 06:45:00+00:00,1300.699951171875,1301.699951171875,1298.0,1301.5999755859375,365363
2026-04-23 07:00:00+00:00,1311.0,1311.0,1300.0,1300.800048828125,475487
2026-04-23 07:15:00+00:00,1313.0,1315.9000244140625,1307.0,1311.0,444191
2026-04-23 07:30:00+00:00,1321.5999755859375,1321.800048828125,1311.9000244140625,1313.0,497019
2026-04-23 07:45:00+00:00,1333.0,1335.199951171875,1321.0,1321.199951171875,766969
2026-04-23 08:00:00+00:00,1338.699951171875,1338.699951171875,1332.5999755859375,1333.300048828125,653649
2026-04-23 08:15:00+00:00,1342.0,1346.199951171875,1331.300048828125,1338.699951171875,1338233
2026-04-23 08:30:00+00:00,1347.0,1356.9000244140625,1340.199951171875,1342.0,1261134
2026-04-23 08:45:00+00:00,1348.300048828125,1354.4000244140625,1346.0999755859375,1346.4000244140625,793490
2026-04-23 09:00:00+00:00,1326.9000244140625,1348.199951171875,1325.300048828125,1348.199951171875,950907
2026-04-23 09:15:00+00:00,1327.0999755859375,1328.199951171875,1321.699951171875,1327.5,585536
2026-04-23 09:30:00+00:00,1328.0,1344.699951171875,1325.9000244140625,1328.0,974448
2026-04-23 09:45:00+00:00,1331.0,1333.5999755859375,1322.300048828125,1328.5,748756
2026-04-24 03:45:00+00:00,1326.0,1329.5999755859375,1293.0,1293.0,628770
2026-04-24 04:00:00+00:00,1326.300048828125,1329.9000244140625,1318.800048828125,1325.199951171875,513307
2026-04-24 04:15:00+00:00,1318.4000244140625,1328.199951171875,1316.199951171875,1326.199951171875,178385
2026-04-24 04:30:00+00:00,1314.0,1320.699951171875,1312.0999755859375,1318.4000244140625,97385
2026-04-24 04:45:00+00:00,1310.5999755859375,1313.800048828125,1305.0999755859375,1313.800048828125,132120
2026-04-24 05:00:00+00:00,1307.800048828125,1311.0,1307.199951171875,1310.300048828125,61683
2026-04-24 05:15:00+00:00,1313.5999755859375,1315.0,1305.699951171875,1307.5,103710
2026-04-24 05:30:00+00:00,1321.699951171875,1322.5,1313.5999755859375,1313.5999755859375,146604
2026-04-24 05:45:00+00:00,1323.300048828125,1326.9000244140625,1319.5,1321.199951171875,205240
2026-04-24 06:00:00+00:00,1316.4000244140625,1323.5,1315.0999755859375,1323.300048828125,95373
2026-04-24 06:15:00+00:00,1319.300048828125,1319.5999755859375,1314.800048828125,1316.5999755859375,43479
2026-04-24 06:30:00+00:00,1317.5,1319.4000244140625,1316.300048828125,1319.4000244140625,33613
2026-04-24 06:45:00+00:00,1320.5999755859375,1324.699951171875,1316.800048828125,1317.4000244140625,83676
2026-04-24 07:00:00+00:00,1338.5,1339.5,1320.800048828125,1321.199951171875,213334
2026-04-24 07:15:00+00:00,1333.0999755859375,1348.4000244140625,1331.4000244140625,1338.800048828125,399664
2026-04-24 07:30:00+00:00,1326.0,1339.0,1326.0,1333.4000244140625,297888
2026-04-24 07:45:00+00:00,1328.199951171875,1330.0999755859375,1326.0,1326.0,166434
2026-04-24 08:00:00+00:00,1321.5,1328.0,1319.800048828125,1328.0,176958
2026-04-24 08:15:00+00:00,1322.0,1323.800048828125,1320.0999755859375,1321.5,103286
2026-04-24 08:30:00+00:00,1319.9000244140625,1323.199951171875,1319.0999755859375,1322.199951171875,118366
2026-04-24 08:45:00+00:00,1319.4000244140625,1322.5,1318.0,1319.800048828125,135172
2026-04-24 09:00:00+00:00,1320.699951171875,1323.5,1318.0999755859375,1319.199951171875,183220
2026-04-24 09:15:00+00:00,1320.0,1322.0,1315.4000244140625,1320.4000244140625,267439
2026-04-24 09:30:00+00:00,1317.800048828125,1321.199951171875,1314.5999755859375,1318.9000244140625,392699
2026-04-24 09:45:00+00:00,1313.0,1319.699951171875,1310.0,1317.9000244140625,361173
2026-04-27 03:45:00+00:00,1319.800048828125,1328.0999755859375,1309.0,1320.4000244140625,170755
2026-04-27 04:00:00+00:00,1324.5999755859375,1326.0,1314.300048828125,1320.300048828125,92263
2026-04-27 04:15:00+00:00,1335.5999755859375,1337.9000244140625,1324.4000244140625,1324.5999755859375,175398
2026-04-27 04:30:00+00:00,1333.800048828125,1339.0,1333.0999755859375,1335.699951171875,115669
2026-04-27 04:45:00+00:00,1329.9000244140625,1337.0,1328.0999755859375,1334.5999755859375,73079
2026-04-27 05:00:00+00:00,1337.300048828125,1337.800048828125,1329.800048828125,1329.800048828125,47618
2026-04-27 05:15:00+00:00,1336.800048828125,1338.800048828125,1333.5999755859375,1337.4000244140625,33570
2026-04-27 05:30:00+00:00,1333.199951171875,1341.5,1333.0999755859375,1336.800048828125,61943
2026-04-27 05:45:00+00:00,1330.800048828125,1336.199951171875,1330.300048828125,1333.5999755859375,39262
2026-04-27 06:00:00+00:00,1331.4000244140625,1332.300048828125,1328.0,1331.4000244140625,48791
2026-04-27 06:15:00+00:00,1334.5,1338.0999755859375,1331.4000244140625,1331.4000244140625,39851
2026-04-27 06:30:00+00:00,1337.5,1338.5999755859375,1334.300048828125,1335.0,15928
2026-04-27 06:45:00+00:00,1337.5999755859375,1339.9000244140625,1337.4000244140625,1338.300048828125,35131
2026-04-27 07:00:00+00:00,1337.300048828125,1339.0,1336.9000244140625,1337.4000244140625,19828
2026-04-27 07:15:00+00:00,1336.300048828125,1337.5,1334.199951171875,1337.300048828125,35967
2026-04-27 07:30:00+00:00,1336.699951171875,1337.699951171875,1335.0,1336.5,16555
2026-04-27 07:45:00+00:00,1339.5999755859375,1340.0,1335.800048828125,1337.0,30204
2026-04-27 08:00:00+00:00,1337.0999755859375,1339.800048828125,1337.0,1339.199951171875,22697
2026-04-27 08:15:00+00:00,1340.699951171875,1341.0,1333.800048828125,1337.4000244140625,84990
2026-04-27 08:30:00+00:00,1344.0999755859375,1344.9000244140625,1340.4000244140625,1340.5999755859375,73613
2026-04-27 08:45:00+00:00,1348.800048828125,1350.0,1342.0999755859375,1343.0999755859375,87324
2026-04-27 09:00:00+00:00,1339.9000244140625,1349.0,1339.0999755859375,1349.0,73233
2026-04-27 09:15:00+00:00,1337.5,1340.5999755859375,1336.5,1339.699951171875,57686
2026-04-27 09:30:00+00:00,1333.800048828125,1337.0,1331.5,1336.300048828125,139977
2026-04-27 09:45:00+00:00,1334.5,1338.0,1330.5,1333.5,202051
2026-04-28 03:45:00+00:00,1345.4000244140625,1348.0999755859375,1332.300048828125,1336.300048828125,91559
2026-04-28 04:00:00+00:00,1344.0999755859375,1345.5999755859375,1337.5,1345.4000244140625,118102
2026-04-28 04:15:00+00:00,1338.699951171875,1346.4000244140625,1337.199951171875,1344.0999755859375,192205
2026-04-28 04:30:00+00:00,1340.4000244140625,1344.4000244140625,1338.0,1338.9000244140625,58632
2026-04-28 04:45:00+00:00,1345.0,1345.0,1340.300048828125,1340.9000244140625,52653
2026-04-28 05:00:00+00:00,1348.300048828125,1348.5,1342.5,1344.800048828125,89641
2026-04-28 05:15:00+00:00,1353.0999755859375,1354.5,1346.5999755859375,1348.300048828125,73229
2026-04-28 05:30:00+00:00,1359.199951171875,1363.300048828125,1353.0999755859375,1353.300048828125,160463
2026-04-28 05:45:00+00:00,1349.0,1360.9000244140625,1349.0,1359.0,52344
2026-04-28 06:00:00+00:00,1352.0,1353.199951171875,1348.699951171875,1348.699951171875,42255
2026-04-28 06:15:00+00:00,1355.5,1357.199951171875,1351.199951171875,1352.0,112643
2026-04-28 06:30:00+00:00,1359.0,1359.300048828125,1353.0,1355.5,77667
2026-04-28 06:45:00+00:00,1353.199951171875,1360.0,1352.199951171875,1359.0999755859375,58128
2026-04-28 07:00:00+00:00,1353.199951171875,1354.9000244140625,1351.300048828125,1353.199951171875,35082
2026-04-28 07:15:00+00:00,1357.199951171875,1360.0,1351.699951171875,1353.800048828125,112205
2026-04-28 07:30:00+00:00,1364.5,1367.9000244140625,1358.199951171875,1358.199951171875,197468
2026-04-28 07:45:00+00:00,1363.0,1365.199951171875,1362.199951171875,1364.5,75674
2026-04-28 08:00:00+00:00,1354.800048828125,1363.699951171875,1352.4000244140625,1363.5,102524
2026-04-28 08:15:00+00:00,1353.699951171875,1356.0,1352.300048828125,1354.199951171875,48794
2026-04-28 08:30:00+00:00,1351.4000244140625,1354.4000244140625,1351.4000244140625,1353.5999755859375,32006
2026-04-28 08:45:00+00:00,1354.0999755859375,1354.0999755859375,1351.4000244140625,1351.9000244140625,26850
2026-04-28 09:00:00+00:00,1360.5999755859375,1360.5999755859375,1352.699951171875,1353.300048828125,65119
2026-04-28 09:15:00+00:00,1359.5999755859375,1363.5,1358.300048828125,1360.300048828125,92463
2026-04-28 09:30:00+00:00,1355.199951171875,1360.699951171875,1351.9000244140625,1359.699951171875,143386
2026-04-28 09:45:00+00:00,1354.5999755859375,1355.0,1346.0,1354.300048828125,132039
2026-04-29 03:45:00+00:00,1338.699951171875,1375.0,1327.5,1370.0,360661
2026-04-29 04:00:00+00:00,1354.4000244140625,1369.800048828125,1335.0,1338.0,770715
2026-04-29 04:15:00+00:00,1344.9000244140625,1354.5,1341.0999755859375,1354.4000244140625,174905
2026-04-29 04:30:00+00:00,1342.699951171875,1349.0999755859375,1341.4000244140625,1343.9000244140625,174893
2026-04-29 04:45:00+00:00,1343.199951171875,1346.5,1341.4000244140625,1342.699951171875,45430
2026-04-29 05:00:00+00:00,1343.9000244140625,1344.5,1341.0,1343.199951171875,41237
2026-04-29 05:15:00+00:00,1349.9000244140625,1352.5,1343.5,1343.9000244140625,54826
2026-04-29 05:30:00+00:00,1348.800048828125,1349.9000244140625,1344.300048828125,1349.9000244140625,43024
2026-04-29 05:45:00+00:00,1351.199951171875,1352.0,1347.800048828125,1349.0,55153
2026-04-29 06:00:00+00:00,1348.699951171875,1351.699951171875,1345.699951171875,1351.0,28266
2026-04-29 06:15:00+00:00,1349.300048828125,1352.0,1348.4000244140625,1348.9000244140625,35688
2026-04-29 06:30:00+00:00,1347.0,1349.4000244140625,1345.800048828125,1349.4000244140625,44432
2026-04-29 06:45:00+00:00,1347.0999755859375,1348.0,1346.0,1347.0,24626
2026-04-29 07:00:00+00:00,1342.0,1347.699951171875,1341.4000244140625,1347.300048828125,56389
2026-04-29 07:15:00+00:00,1347.0999755859375,1347.199951171875,1338.699951171875,1341.800048828125,199770
2026-04-29 07:30:00+00:00,1345.800048828125,1347.9000244140625,1344.5999755859375,1347.0,168758
2026-04-29 07:45:00+00:00,1346.199951171875,1347.0,1344.5,1346.0,126242
2026-04-29 08:00:00+00:00,1341.300048828125,1347.9000244140625,1341.300048828125,1346.0999755859375,281482
2026-04-29 08:15:00+00:00,1327.5,1342.4000244140625,1324.199951171875,1341.300048828125,265941
2026-04-29 08:30:00+00:00,1326.5,1330.5,1321.699951171875,1327.199951171875,185246
2026-04-29 08:45:00+00:00,1331.0999755859375,1331.4000244140625,1325.699951171875,1327.0,121570
2026-04-29 09:00:00+00:00,1335.5999755859375,1335.699951171875,1329.300048828125,1331.4000244140625,155767
2026-04-29 09:15:00+00:00,1329.5,1335.4000244140625,1328.699951171875,1335.4000244140625,100583
2026-04-29 09:30:00+00:00,1329.0,1332.9000244140625,1328.199951171875,1329.4000244140625,214830
2026-04-29 09:45:00+00:00,1331.0,1332.0,1326.0,1329.699951171875,230397
2026-04-30 03:45:00+00:00,1325.5999755859375,1337.4000244140625,1322.800048828125,1325.300048828125,78393
2026-04-30 04:00:00+00:00,1334.4000244140625,1334.5999755859375,1325.300048828125,1326.0,74475
2026-04-30 04:15:00+00:00,1329.0999755859375,1339.199951171875,1329.0,1334.0,82869
2026-04-30 04:30:00+00:00,1323.0,1329.4000244140625,1322.199951171875,1328.699951171875,38046
2026-04-30 04:45:00+00:00,1325.5,1326.300048828125,1321.800048828125,1323.0,26290
2026-04-30 05:00:00+00:00,1319.800048828125,1325.9000244140625,1319.0,1325.199951171875,20740
2026-04-30 05:15:00+00:00,1316.800048828125,1320.300048828125,1315.699951171875,1319.4000244140625,41142
2026-04-30 05:30:00+00:00,1317.699951171875,1318.5,1313.9000244140625,1316.199951171875,18322
2026-04-30 05:45:00+00:00,1319.4000244140625,1324.0,1317.0,1317.699951171875,40151
2026-04-30 06:00:00+00:00,1325.5999755859375,1327.4000244140625,1317.5,1319.0,102570
2026-04-30 06:15:00+00:00,1328.0,1328.0999755859375,1320.5999755859375,1325.5,119583
2026-04-30 06:30:00+00:00,1324.0,1327.9000244140625,1322.699951171875,1327.9000244140625,35438
2026-04-30 06:45:00+00:00,1322.699951171875,1324.800048828125,1320.5,1324.5,13808
2026-04-30 07:00:00+00:00,1322.0999755859375,1323.0999755859375,1320.800048828125,1323.0999755859375,10281
2026-04-30 07:15:00+00:00,1322.5,1323.199951171875,1320.4000244140625,1322.699951171875,20592
2026-04-30 07:30:00+00:00,1326.199951171875,1327.300048828125,1322.0,1322.0,16224
2026-04-30 07:45:00+00:00,1321.199951171875,1326.5,1320.5999755859375,1325.5999755859375,14763
2026-04-30 08:00:00+00:00,1323.5999755859375,1324.300048828125,1320.0,1321.4000244140625,25326
2026-04-30 08:15:00+00:00,1325.0999755859375,1325.5,1322.4000244140625,1323.5,9431
2026-04-30 08:30:00+00:00,1322.699951171875,1325.199951171875,1321.800048828125,1324.5999755859375,25431
2026-04-30 08:45:00+00:00,1321.5,1322.9000244140625,1318.800048828125,1322.5,30547
2026-04-30 09:00:00+00:00,1324.4000244140625,1326.4000244140625,1320.4000244140625,1321.300048828125,24658
2026-04-30 09:15:00+00:00,1327.800048828125,1327.800048828125,1322.699951171875,1324.0999755859375,32348
2026-04-30 09:30:00+00:00,1322.0999755859375,1327.5999755859375,1321.300048828125,1326.699951171875,120640
2026-04-30 09:45:00+00:00,1322.9000244140625,1327.9000244140625,1318.5,1322.5,127290
2026-05-04 03:45:00+00:00,1295.4000244140625,1303.9000244140625,1285.4000244140625,1288.5,255013
2026-05-04 04:00:00+00:00,1303.0,1306.0,1293.9000244140625,1295.4000244140625,88398
2026-05-04 04:15:00+00:00,1298.9000244140625,1306.4000244140625,1296.9000244140625,1302.5999755859375,121223
2026-05-04 04:30:00+00:00,1301.5,1304.300048828125,1295.5,1297.699951171875,89823
2026-05-04 04:45:00+00:00,1303.0,1305.9000244140625,1298.5999755859375,1301.5,66149
2026-05-04 05:00:00+00:00,1308.0999755859375,1308.9000244140625,1302.199951171875,1303.9000244140625,67044
2026-05-04 05:15:00+00:00,1303.5999755859375,1308.0,1303.5999755859375,1307.800048828125,24231
2026-05-04 05:30:00+00:00,1305.300048828125,1305.4000244140625,1301.199951171875,1303.5999755859375,18622
2026-05-04 05:45:00+00:00,1304.800048828125,1306.0,1304.0999755859375,1305.300048828125,17676
2026-05-04 06:00:00+00:00,1303.300048828125,1305.4000244140625,1301.5,1305.0999755859375,16209
2026-05-04 06:15:00+00:00,1306.5999755859375,1306.9000244140625,1302.0999755859375,1303.800048828125,26184
2026-05-04 06:30:00+00:00,1302.300048828125,1309.199951171875,1301.5999755859375,1306.5999755859375,54127
2026-05-04 06:45:00+00:00,1301.9000244140625,1302.300048828125,1300.699951171875,1302.300048828125,7943
