Datetime,Close,High,Low,Open,Volume
2026-03-12 03:45:00+00:00,2423.60009765625,2435.5,2410.0,2435.5,31177
2026-03-12 04:00:00+00:00,2423.60009765625,2427.5,2420.199951171875,2423.300048828125,13157
2026-03-12 04:15:00+00:00,2450.0,2454.0,2422.800048828125,2423.60009765625,24992
2026-03-12 04:30:00+00:00,2431.699951171875,2453.89990234375,2431.699951171875,2450.5,21453
2026-03-12 04:45:00+00:00,2441.60009765625,2444.39990234375,2427.199951171875,2432.0,11547
2026-03-12 05:00:00+00:00,2449.300048828125,2455.699951171875,2436.60009765625,2440.699951171875,20283
2026-03-12 05:15:00+00:00,2449.10009765625,2451.300048828125,2440.39990234375,2449.39990234375,27742
2026-03-12 05:30:00+00:00,2448.5,2453.10009765625,2445.5,2448.800048828125,10528
2026-03-12 05:45:00+00:00,2447.300048828125,2453.39990234375,2441.0,2451.699951171875,15078
2026-03-12 06:00:00+00:00,2456.0,2463.10009765625,2445.10009765625,2448.0,36740
2026-03-12 06:15:00+00:00,2458.5,2459.0,2450.89990234375,2456.699951171875,8226
2026-03-12 06:30:00+00:00,2458.89990234375,2465.60009765625,2452.0,2459.800048828125,21087
2026-03-12 06:45:00+00:00,2468.89990234375,2468.89990234375,2457.0,2459.300048828125,25030
2026-03-12 07:00:00+00:00,2462.699951171875,2471.300048828125,2460.10009765625,2468.89990234375,18851
2026-03-12 07:15:00+00:00,2473.0,2475.39990234375,2462.699951171875,2463.0,28570
2026-03-12 07:30:00+00:00,2470.300048828125,2475.10009765625,2463.89990234375,2473.300048828125,25221
2026-03-12 07:45:00+00:00,2469.60009765625,2474.0,2465.800048828125,2470.300048828125,42647
2026-03-12 08:00:00+00:00,2469.10009765625,2477.5,2467.39990234375,2468.10009765625,23715
2026-03-12 08:15:00+00:00,2456.89990234375,2471.0,2456.10009765625,2469.800048828125,27069
2026-03-12 08:30:00+00:00,2460.60009765625,2461.699951171875,2452.60009765625,2457.0,32995
2026-03-12 08:45:00+00:00,2453.300048828125,2461.10009765625,2452.10009765625,2460.89990234375,35044
2026-03-12 09:00:00+00:00,2447.39990234375,2456.89990234375,2446.300048828125,2453.39990234375,56434
2026-03-12 09:15:00+00:00,2436.60009765625,2447.0,2432.300048828125,2447.0,78082
2026-03-12 09:30:00+00:00,2427.800048828125,2438.0,2426.199951171875,2436.699951171875,93511
2026-03-12 09:45:00+00:00,2429.0,2431.10009765625,2419.60009765625,2427.800048828125,66025
2026-03-13 03:45:00+00:00,2380.0,2406.0,2361.89990234375,2406.0,122490
2026-03-13 04:00:00+00:00,2383.89990234375,2394.89990234375,2380.0,2380.0,75881
2026-03-13 04:15:00+00:00,2387.5,2390.0,2381.199951171875,2383.39990234375,70211
2026-03-13 04:30:00+00:00,2379.5,2388.699951171875,2375.300048828125,2386.5,56151
2026-03-13 04:45:00+00:00,2383.60009765625,2386.699951171875,2379.0,2379.5,101897
2026-03-13 05:00:00+00:00,2379.5,2386.300048828125,2374.39990234375,2384.10009765625,61649
2026-03-13 05:15:00+00:00,2390.199951171875,2394.0,2378.39990234375,2380.0,28920
2026-03-13 05:30:00+00:00,2390.60009765625,2396.39990234375,2384.199951171875,2390.60009765625,34797
2026-03-13 05:45:00+00:00,2406.89990234375,2406.89990234375,2389.5,2390.60009765625,26317
2026-03-13 06:00:00+00:00,2406.60009765625,2413.699951171875,2401.300048828125,2406.199951171875,24762
2026-03-13 06:15:00+00:00,2395.0,2407.699951171875,2395.0,2406.699951171875,27348
2026-03-13 06:30:00+00:00,2400.199951171875,2401.89990234375,2395.0,2395.60009765625,22986
2026-03-13 06:45:00+00:00,2401.5,2404.300048828125,2394.199951171875,2400.89990234375,19783
2026-03-13 07:00:00+00:00,2384.89990234375,2401.39990234375,2379.60009765625,2400.5,31484
2026-03-13 07:15:00+00:00,2387.5,2390.199951171875,2381.60009765625,2383.60009765625,35804
2026-03-13 07:30:00+00:00,2377.5,2389.199951171875,2376.699951171875,2387.0,26583
2026-03-13 07:45:00+00:00,2392.89990234375,2394.800048828125,2377.0,2377.5,32010
2026-03-13 08:00:00+00:00,2388.60009765625,2399.0,2385.699951171875,2390.699951171875,28334
2026-03-13 08:15:00+00:00,2377.0,2390.10009765625,2375.199951171875,2388.60009765625,31698
2026-03-13 08:30:00+00:00,2386.699951171875,2386.699951171875,2377.0,2377.0,27901
2026-03-13 08:45:00+00:00,2387.89990234375,2392.0,2383.0,2387.300048828125,26952
2026-03-13 09:00:00+00:00,2390.699951171875,2399.0,2388.300048828125,2389.300048828125,35011
2026-03-13 09:15:00+00:00,2383.10009765625,2391.699951171875,2380.0,2391.699951171875,34432
2026-03-13 09:30:00+00:00,2382.10009765625,2384.0,2379.60009765625,2380.0,99639
2026-03-13 09:45:00+00:00,2385.0,2385.0,2380.0,2382.10009765625,94068
2026-03-16 03:45:00+00:00,2372.5,2383.0,2353.0,2383.0,119633
2026-03-16 04:00:00+00:00,2385.0,2390.10009765625,2370.60009765625,2372.5,107595
2026-03-16 04:15:00+00:00,2372.89990234375,2397.800048828125,2372.89990234375,2385.0,104674
2026-03-16 04:30:00+00:00,2365.0,2381.0,2364.0,2373.39990234375,64467
2026-03-16 04:45:00+00:00,2342.699951171875,2366.0,2342.5,2365.0,80766
2026-03-16 05:00:00+00:00,2344.300048828125,2348.89990234375,2337.60009765625,2342.300048828125,39729
2026-03-16 05:15:00+00:00,2337.39990234375,2349.199951171875,2326.89990234375,2343.199951171875,46363
2026-03-16 05:30:00+00:00,2348.39990234375,2352.800048828125,2335.300048828125,2338.10009765625,44369
2026-03-16 05:45:00+00:00,2366.800048828125,2370.800048828125,2347.300048828125,2348.300048828125,51727
2026-03-16 06:00:00+00:00,2368.699951171875,2374.89990234375,2366.60009765625,2367.199951171875,33565
2026-03-16 06:15:00+00:00,2363.10009765625,2372.800048828125,2360.60009765625,2368.699951171875,232509
2026-03-16 06:30:00+00:00,2363.60009765625,2369.0,2359.89990234375,2363.89990234375,49284
2026-03-16 06:45:00+00:00,2362.800048828125,2366.89990234375,2359.60009765625,2362.699951171875,30361
2026-03-16 07:00:00+00:00,2352.5,2363.0,2350.10009765625,2362.300048828125,35278
2026-03-16 07:15:00+00:00,2338.0,2352.0,2337.60009765625,2352.0,50202
2026-03-16 07:30:00+00:00,2330.60009765625,2341.5,2323.0,2338.10009765625,66959
2026-03-16 07:45:00+00:00,2332.199951171875,2335.10009765625,2326.39990234375,2330.60009765625,54424
2026-03-16 08:00:00+00:00,2327.10009765625,2335.800048828125,2325.60009765625,2332.0,57110
2026-03-16 08:15:00+00:00,2344.5,2347.199951171875,2328.0,2328.300048828125,55575
2026-03-16 08:30:00+00:00,2343.199951171875,2350.0,2340.39990234375,2344.800048828125,38075
2026-03-16 08:45:00+00:00,2368.60009765625,2369.89990234375,2340.89990234375,2343.10009765625,93042
2026-03-16 09:00:00+00:00,2372.699951171875,2379.60009765625,2369.0,2369.0,156459
2026-03-16 09:15:00+00:00,2373.39990234375,2380.699951171875,2371.89990234375,2373.5,90287
2026-03-16 09:30:00+00:00,2369.800048828125,2374.39990234375,2363.10009765625,2373.699951171875,85362
2026-03-16 09:45:00+00:00,2362.60009765625,2370.60009765625,2361.5,2369.89990234375,85132
2026-03-17 03:45:00+00:00,2374.10009765625,2380.0,2357.10009765625,2378.89990234375,118091
2026-03-17 04:00:00+00:00,2386.39990234375,2387.5,2371.39990234375,2375.60009765625,58877
2026-03-17 04:15:00+00:00,2378.10009765625,2391.800048828125,2377.0,2385.300048828125,43364
2026-03-17 04:30:00+00:00,2391.699951171875,2392.89990234375,2377.699951171875,2377.800048828125,40703
2026-03-17 04:45:00+00:00,2395.60009765625,2407.39990234375,2392.10009765625,2393.699951171875,153342
2026-03-17 05:00:00+00:00,2383.5,2395.60009765625,2380.699951171875,2395.60009765625,61995
2026-03-17 05:15:00+00:00,2393.300048828125,2399.5,2380.800048828125,2382.89990234375,40077
2026-03-17 05:30:00+00:00,2379.0,2395.39990234375,2376.699951171875,2393.0,24769
2026-03-17 05:45:00+00:00,2371.800048828125,2382.5,2371.0,2378.5,16107
2026-03-17 06:00:00+00:00,2377.300048828125,2378.699951171875,2370.199951171875,2371.89990234375,13261
2026-03-17 06:15:00+00:00,2377.39990234375,2379.10009765625,2370.300048828125,2377.10009765625,28441
2026-03-17 06:30:00+00:00,2378.60009765625,2379.89990234375,2374.89990234375,2377.39990234375,30364
2026-03-17 06:45:00+00:00,2376.300048828125,2380.0,2373.800048828125,2378.60009765625,75316
2026-03-17 07:00:00+00:00,2378.0,2380.699951171875,2370.699951171875,2376.300048828125,36000
2026-03-17 07:15:00+00:00,2378.60009765625,2381.10009765625,2376.0,2377.89990234375,31576
2026-03-17 07:30:00+00:00,2375.300048828125,2382.0,2372.699951171875,2377.60009765625,41307
2026-03-17 07:45:00+00:00,2371.60009765625,2378.300048828125,2368.699951171875,2375.300048828125,30880
2026-03-17 08:00:00+00:00,2377.89990234375,2382.0,2371.60009765625,2371.60009765625,48289
2026-03-17 08:15:00+00:00,2378.89990234375,2383.89990234375,2376.699951171875,2380.0,29884
2026-03-17 08:30:00+00:00,2383.199951171875,2386.0,2378.199951171875,2379.10009765625,18970
2026-03-17 08:45:00+00:00,2378.699951171875,2383.699951171875,2375.0,2383.39990234375,17546
2026-03-17 09:00:00+00:00,2382.89990234375,2386.199951171875,2378.89990234375,2379.699951171875,29164
2026-03-17 09:15:00+00:00,2391.300048828125,2392.89990234375,2379.0,2382.800048828125,26734
2026-03-17 09:30:00+00:00,2384.5,2389.699951171875,2379.0,2389.699951171875,72395
2026-03-17 09:45:00+00:00,2389.89990234375,2390.699951171875,2380.5,2384.5,52459
2026-03-18 03:45:00+00:00,2421.39990234375,2435.0,2386.39990234375,2389.39990234375,40314
2026-03-18 04:00:00+00:00,2446.0,2448.699951171875,2421.199951171875,2421.199951171875,58179
2026-03-18 04:15:00+00:00,2441.800048828125,2448.300048828125,2437.199951171875,2445.800048828125,31919
2026-03-18 04:30:00+00:00,2437.60009765625,2443.89990234375,2430.699951171875,2442.800048828125,22897
2026-03-18 04:45:00+00:00,2437.5,2442.5,2435.199951171875,2437.199951171875,17919
2026-03-18 05:00:00+00:00,2436.10009765625,2443.10009765625,2433.699951171875,2437.5,14813
2026-03-18 05:15:00+00:00,2442.800048828125,2445.300048828125,2435.0,2436.10009765625,17258
2026-03-18 05:30:00+00:00,2448.0,2450.0,2441.10009765625,2443.0,49490
2026-03-18 05:45:00+00:00,2450.0,2454.0,2444.39990234375,2447.0,12277
2026-03-18 06:00:00+00:00,2441.89990234375,2450.89990234375,2440.199951171875,2450.60009765625,14915
2026-03-18 06:15:00+00:00,2443.39990234375,2445.89990234375,2440.5,2441.199951171875,12033
2026-03-18 06:30:00+00:00,2447.5,2452.0,2441.800048828125,2443.89990234375,28156
2026-03-18 06:45:00+00:00,2444.699951171875,2449.0,2441.39990234375,2447.800048828125,36309
2026-03-18 07:00:00+00:00,2466.89990234375,2470.0,2444.699951171875,2445.0,38218
2026-03-18 07:15:00+00:00,2473.0,2473.699951171875,2462.300048828125,2466.39990234375,83213
2026-03-18 07:30:00+00:00,2485.0,2485.0,2472.60009765625,2473.39990234375,38347
2026-03-18 07:45:00+00:00,2480.0,2485.0,2478.5,2484.699951171875,36129
2026-03-18 08:00:00+00:00,2489.89990234375,2492.39990234375,2480.0,2481.60009765625,39690
2026-03-18 08:15:00+00:00,2490.10009765625,2493.39990234375,2485.5,2489.5,35118
2026-03-18 08:30:00+00:00,2496.39990234375,2501.60009765625,2489.5,2490.800048828125,230083
2026-03-18 08:45:00+00:00,2494.5,2499.0,2492.60009765625,2496.199951171875,37471
2026-03-18 09:00:00+00:00,2476.39990234375,2496.39990234375,2475.0,2493.699951171875,63280
2026-03-18 09:15:00+00:00,2476.199951171875,2479.800048828125,2470.5,2475.60009765625,42840
2026-03-18 09:30:00+00:00,2474.699951171875,2476.89990234375,2469.10009765625,2476.800048828125,72470
2026-03-18 09:45:00+00:00,2468.89990234375,2474.699951171875,2448.300048828125,2474.699951171875,153286
2026-03-19 03:45:00+00:00,2426.89990234375,2432.89990234375,2373.39990234375,2407.199951171875,78285
2026-03-19 04:00:00+00:00,2434.39990234375,2438.699951171875,2425.699951171875,2428.300048828125,57719
2026-03-19 04:15:00+00:00,2414.10009765625,2435.89990234375,2409.0,2435.89990234375,124417
2026-03-19 04:30:00+00:00,2414.800048828125,2416.199951171875,2403.800048828125,2413.300048828125,34834
2026-03-19 04:45:00+00:00,2416.300048828125,2424.800048828125,2410.0,2414.0,24547
2026-03-19 05:00:00+00:00,2420.89990234375,2429.699951171875,2413.39990234375,2415.800048828125,19321
2026-03-19 05:15:00+00:00,2423.699951171875,2423.699951171875,2413.0,2420.89990234375,8918
2026-03-19 05:30:00+00:00,2411.800048828125,2425.300048828125,2410.0,2423.199951171875,48536
2026-03-19 05:45:00+00:00,2412.0,2419.0,2410.699951171875,2410.699951171875,11900
2026-03-19 06:00:00+00:00,2417.39990234375,2419.10009765625,2410.89990234375,2413.300048828125,13119
2026-03-19 06:15:00+00:00,2415.0,2419.89990234375,2412.89990234375,2417.39990234375,9876
2026-03-19 06:30:00+00:00,2416.60009765625,2418.60009765625,2409.5,2414.60009765625,17120
2026-03-19 06:45:00+00:00,2416.199951171875,2419.89990234375,2408.5,2417.300048828125,15052
2026-03-19 07:00:00+00:00,2418.199951171875,2419.60009765625,2412.300048828125,2416.0,11731
2026-03-19 07:15:00+00:00,2416.89990234375,2421.0,2414.699951171875,2417.699951171875,12626
2026-03-19 07:30:00+00:00,2408.0,2417.800048828125,2406.5,2417.699951171875,14856
2026-03-19 07:45:00+00:00,2403.300048828125,2409.199951171875,2402.199951171875,2408.300048828125,27457
2026-03-19 08:00:00+00:00,2402.39990234375,2407.199951171875,2401.39990234375,2404.199951171875,15054
2026-03-19 08:15:00+00:00,2401.300048828125,2412.0,2400.199951171875,2402.699951171875,20553
2026-03-19 08:30:00+00:00,2404.89990234375,2405.199951171875,2400.300048828125,2401.10009765625,90759
2026-03-19 08:45:00+00:00,2408.60009765625,2412.10009765625,2404.5,2405.800048828125,38910
2026-03-19 09:00:00+00:00,2404.199951171875,2410.0,2396.300048828125,2408.60009765625,30900
2026-03-19 09:15:00+00:00,2390.800048828125,2405.800048828125,2390.800048828125,2404.300048828125,51168
2026-03-19 09:30:00+00:00,2397.39990234375,2401.5,2388.0,2391.39990234375,103633
2026-03-19 09:45:00+00:00,2411.300048828125,2416.0,2397.10009765625,2397.5,91284
2026-03-20 03:45:00+00:00,2436.89990234375,2439.300048828125,2420.199951171875,2426.5,13371
2026-03-20 04:00:00+00:00,2427.39990234375,2441.10009765625,2424.300048828125,2436.10009765625,31354
2026-03-20 04:15:00+00:00,2429.5,2430.800048828125,2422.0,2426.89990234375,13121
2026-03-20 04:30:00+00:00,2421.800048828125,2430.199951171875,2421.0,2429.0,13172
2026-03-20 04:45:00+00:00,2425.0,2427.10009765625,2409.60009765625,2421.10009765625,26213
2026-03-20 05:00:00+00:00,2433.39990234375,2434.89990234375,2423.0,2424.5,12361
2026-03-20 05:15:00+00:00,2432.60009765625,2439.300048828125,2431.10009765625,2433.5,12668
2026-03-20 05:30:00+00:00,2435.800048828125,2436.300048828125,2431.39990234375,2432.699951171875,12824
2026-03-20 05:45:00+00:00,2437.300048828125,2443.0,2434.39990234375,2435.699951171875,16806
2026-03-20 06:00:00+00:00,2425.0,2438.89990234375,2424.699951171875,2438.89990234375,26196
2026-03-20 06:15:00+00:00,2423.5,2429.0,2419.60009765625,2425.300048828125,29995
2026-03-20 06:30:00+00:00,2414.0,2424.89990234375,2411.800048828125,2424.89990234375,26730
2026-03-20 06:45:00+00:00,2411.300048828125,2414.0,2405.0,2413.89990234375,21092
2026-03-20 07:00:00+00:00,2421.39990234375,2424.800048828125,2405.10009765625,2411.300048828125,59949
2026-03-20 07:15:00+00:00,2419.300048828125,2427.300048828125,2418.10009765625,2421.699951171875,16680
2026-03-20 07:30:00+00:00,2420.10009765625,2422.300048828125,2416.800048828125,2419.5,12684
2026-03-20 07:45:00+00:00,2418.10009765625,2423.0,2414.60009765625,2419.60009765625,15266
2026-03-20 08:00:00+00:00,2414.39990234375,2421.39990234375,2412.699951171875,2418.199951171875,14174
2026-03-20 08:15:00+00:00,2407.89990234375,2413.89990234375,2405.699951171875,2413.199951171875,19811
2026-03-20 08:30:00+00:00,2403.89990234375,2411.60009765625,2403.199951171875,2407.89990234375,14030
2026-03-20 08:45:00+00:00,2394.199951171875,2403.800048828125,2391.199951171875,2403.39990234375,16227
2026-03-20 09:00:00+00:00,2387.800048828125,2398.199951171875,2387.39990234375,2393.300048828125,69061
2026-03-20 09:15:00+00:00,2388.0,2388.199951171875,2383.0,2386.39990234375,15658
2026-03-20 09:30:00+00:00,2383.5,2391.5,2380.10009765625,2388.0,130936
2026-03-20 09:45:00+00:00,2385.89990234375,2398.800048828125,2383.0,2383.300048828125,109105
2026-03-23 03:45:00+00:00,2337.10009765625,2355.89990234375,2331.5,2351.699951171875,33872
2026-03-23 04:00:00+00:00,2354.89990234375,2358.0,2336.300048828125,2336.300048828125,29814
2026-03-23 04:15:00+00:00,2313.5,2353.699951171875,2312.699951171875,2351.39990234375,49935
2026-03-23 04:30:00+00:00,2301.300048828125,2318.0,2301.300048828125,2314.39990234375,23487
2026-03-23 04:45:00+00:00,2295.199951171875,2307.10009765625,2292.699951171875,2301.300048828125,101854
2026-03-23 05:00:00+00:00,2299.699951171875,2304.89990234375,2295.199951171875,2295.199951171875,43406
2026-03-23 05:15:00+00:00,2292.5,2299.699951171875,2288.60009765625,2299.5,20204
2026-03-23 05:30:00+00:00,2295.89990234375,2300.10009765625,2287.10009765625,2292.0,13260
2026-03-23 05:45:00+00:00,2295.89990234375,2299.39990234375,2292.0,2295.5,16631
2026-03-23 06:00:00+00:00,2284.10009765625,2299.60009765625,2281.10009765625,2295.60009765625,16494
2026-03-23 06:15:00+00:00,2286.60009765625,2295.699951171875,2281.800048828125,2282.89990234375,19890
2026-03-23 06:30:00+00:00,2282.60009765625,2288.89990234375,2281.300048828125,2287.10009765625,13662
2026-03-23 06:45:00+00:00,2265.89990234375,2284.10009765625,2261.39990234375,2282.199951171875,33317
2026-03-23 07:00:00+00:00,2264.39990234375,2272.60009765625,2263.5,2265.800048828125,17656
2026-03-23 07:15:00+00:00,2251.5,2267.300048828125,2251.300048828125,2264.39990234375,44112
2026-03-23 07:30:00+00:00,2241.0,2254.60009765625,2238.300048828125,2251.300048828125,42686
2026-03-23 07:45:00+00:00,2250.199951171875,2251.0,2236.699951171875,2241.60009765625,57485
2026-03-23 08:00:00+00:00,2257.300048828125,2260.0,2249.60009765625,2250.199951171875,64780
2026-03-23 08:15:00+00:00,2269.0,2274.89990234375,2256.199951171875,2257.89990234375,130649
2026-03-23 08:30:00+00:00,2285.0,2285.699951171875,2263.0,2267.0,350538
2026-03-23 08:45:00+00:00,2277.0,2288.5,2273.0,2285.0,58024
2026-03-23 09:00:00+00:00,2262.699951171875,2278.800048828125,2254.0,2276.0,96591
2026-03-23 09:15:00+00:00,2257.699951171875,2267.5,2255.199951171875,2262.699951171875,33396
2026-03-23 09:30:00+00:00,2252.199951171875,2259.800048828125,2245.0,2255.5,63739
2026-03-23 09:45:00+00:00,2251.0,2260.300048828125,2250.0,2252.89990234375,80103
2026-03-24 03:45:00+00:00,2326.800048828125,2327.0,2291.60009765625,2300.0,20422
2026-03-24 04:00:00+00:00,2310.60009765625,2328.10009765625,2307.0,2326.800048828125,22355
2026-03-24 04:15:00+00:00,2307.199951171875,2311.60009765625,2303.5,2310.60009765625,19926
2026-03-24 04:30:00+00:00,2306.5,2308.89990234375,2294.60009765625,2306.699951171875,101893
2026-03-24 04:45:00+00:00,2303.800048828125,2309.89990234375,2298.800048828125,2305.89990234375,25694
2026-03-24 05:00:00+00:00,2301.300048828125,2304.300048828125,2296.0,2302.800048828125,16570
2026-03-24 05:15:00+00:00,2287.300048828125,2305.300048828125,2284.300048828125,2301.0,33162
2026-03-24 05:30:00+00:00,2291.0,2293.199951171875,2285.300048828125,2286.39990234375,19897
2026-03-24 05:45:00+00:00,2287.0,2295.89990234375,2285.300048828125,2292.5,13282
2026-03-24 06:00:00+00:00,2298.199951171875,2300.0,2286.800048828125,2286.800048828125,12104
2026-03-24 06:15:00+00:00,2303.199951171875,2309.699951171875,2296.89990234375,2299.300048828125,21262
2026-03-24 06:30:00+00:00,2312.300048828125,2316.699951171875,2303.199951171875,2303.199951171875,25450
2026-03-24 06:45:00+00:00,2329.0,2334.800048828125,2309.800048828125,2311.89990234375,21281
2026-03-24 07:00:00+00:00,2347.10009765625,2348.39990234375,2328.300048828125,2328.60009765625,30550
2026-03-24 07:15:00+00:00,2349.800048828125,2354.699951171875,2345.60009765625,2346.89990234375,52588
2026-03-24 07:30:00+00:00,2347.39990234375,2350.10009765625,2336.800048828125,2350.10009765625,15988
2026-03-24 07:45:00+00:00,2350.89990234375,2350.89990234375,2340.0,2345.0,13864
2026-03-24 08:00:00+00:00,2348.199951171875,2355.0,2345.300048828125,2350.60009765625,12469
2026-03-24 08:15:00+00:00,2345.0,2350.0,2338.699951171875,2348.800048828125,25080
2026-03-24 08:30:00+00:00,2355.39990234375,2358.300048828125,2342.60009765625,2343.300048828125,27005
2026-03-24 08:45:00+00:00,2358.199951171875,2361.699951171875,2353.10009765625,2355.800048828125,23575
2026-03-24 09:00:00+00:00,2356.10009765625,2361.699951171875,2351.0,2358.10009765625,31984
2026-03-24 09:15:00+00:00,2355.10009765625,2359.0,2350.5,2355.0,58737
2026-03-24 09:30:00+00:00,2353.60009765625,2358.89990234375,2347.199951171875,2354.39990234375,66596
2026-03-24 09:45:00+00:00,2351.699951171875,2359.89990234375,2341.39990234375,2353.60009765625,67652
2026-03-25 03:45:00+00:00,2411.10009765625,2412.39990234375,2368.0,2375.10009765625,26184
2026-03-25 04:00:00+00:00,2411.89990234375,2416.60009765625,2405.60009765625,2410.5,19105
2026-03-25 04:15:00+00:00,2408.0,2415.39990234375,2404.10009765625,2412.699951171875,25480
2026-03-25 04:30:00+00:00,2407.699951171875,2412.10009765625,2396.89990234375,2410.0,77029
2026-03-25 04:45:00+00:00,2409.300048828125,2411.199951171875,2404.60009765625,2406.39990234375,23920
2026-03-25 05:00:00+00:00,2412.0,2412.5,2401.89990234375,2409.300048828125,104623
2026-03-25 05:15:00+00:00,2414.10009765625,2415.699951171875,2409.199951171875,2411.5,42830
2026-03-25 05:30:00+00:00,2418.699951171875,2419.5,2412.5,2413.699951171875,21431
2026-03-25 05:45:00+00:00,2398.800048828125,2419.0,2398.5,2418.300048828125,29431
2026-03-25 06:00:00+00:00,2396.39990234375,2403.10009765625,2391.699951171875,2398.800048828125,22199
2026-03-25 06:15:00+00:00,2394.800048828125,2402.699951171875,2392.39990234375,2396.800048828125,17882
2026-03-25 06:30:00+00:00,2399.5,2403.39990234375,2392.199951171875,2395.300048828125,20177
2026-03-25 06:45:00+00:00,2398.699951171875,2405.89990234375,2397.60009765625,2400.0,24512
2026-03-25 07:00:00+00:00,2398.199951171875,2401.699951171875,2394.0,2399.10009765625,13577
2026-03-25 07:15:00+00:00,2394.39990234375,2399.39990234375,2394.39990234375,2397.699951171875,14297
2026-03-25 07:30:00+00:00,2397.0,2401.89990234375,2392.699951171875,2394.0,17753
2026-03-25 07:45:00+00:00,2396.60009765625,2400.0,2394.0,2398.199951171875,12370
2026-03-25 08:00:00+00:00,2394.699951171875,2399.199951171875,2391.5,2396.699951171875,17435
2026-03-25 08:15:00+00:00,2400.0,2404.5,2395.0,2395.0,32186
2026-03-25 08:30:00+00:00,2396.300048828125,2404.0,2395.0,2399.0,28592
2026-03-25 08:45:00+00:00,2389.800048828125,2398.60009765625,2385.5,2396.300048828125,37081
2026-03-25 09:00:00+00:00,2396.699951171875,2399.0,2385.60009765625,2390.800048828125,25321
2026-03-25 09:15:00+00:00,2394.699951171875,2398.300048828125,2392.39990234375,2395.5,16704
2026-03-25 09:30:00+00:00,2386.5,2394.10009765625,2385.0,2394.10009765625,58019
2026-03-25 09:45:00+00:00,2386.300048828125,2390.0,2382.199951171875,2386.5,54995
2026-03-27 03:45:00+00:00,2323.5,2374.39990234375,2301.10009765625,2374.39990234375,71375
2026-03-27 04:00:00+00:00,2317.800048828125,2324.5,2309.5,2323.199951171875,49791
2026-03-27 04:15:00+00:00,2319.300048828125,2332.89990234375,2312.199951171875,2318.300048828125,36916
2026-03-27 04:30:00+00:00,2311.300048828125,2322.800048828125,2310.10009765625,2319.300048828125,28097
2026-03-27 04:45:00+00:00,2320.0,2323.39990234375,2307.300048828125,2311.0,85510
2026-03-27 05:00:00+00:00,2315.10009765625,2321.89990234375,2315.0,2319.89990234375,25191
2026-03-27 05:15:00+00:00,2320.10009765625,2324.0,2314.199951171875,2315.300048828125,90121
2026-03-27 05:30:00+00:00,2319.300048828125,2320.10009765625,2315.0,2320.0,24342
2026-03-27 05:45:00+00:00,2312.5,2320.10009765625,2310.800048828125,2319.39990234375,72141
2026-03-27 06:00:00+00:00,2313.60009765625,2316.300048828125,2310.5,2312.300048828125,19475
2026-03-27 06:15:00+00:00,2320.0,2320.699951171875,2310.300048828125,2313.39990234375,75293
2026-03-27 06:30:00+00:00,2304.800048828125,2320.10009765625,2303.60009765625,2319.800048828125,32972
2026-03-27 06:45:00+00:00,2312.60009765625,2317.300048828125,2302.300048828125,2304.699951171875,21936
2026-03-27 07:00:00+00:00,2309.0,2313.800048828125,2308.0,2313.60009765625,14784
2026-03-27 07:15:00+00:00,2312.10009765625,2316.800048828125,2304.10009765625,2309.60009765625,20761
2026-03-27 07:30:00+00:00,2317.89990234375,2318.800048828125,2311.10009765625,2312.0,24982
2026-03-27 07:45:00+00:00,2323.300048828125,2329.89990234375,2316.699951171875,2317.89990234375,237062
2026-03-27 08:00:00+00:00,2327.199951171875,2327.5,2319.10009765625,2323.300048828125,33625
2026-03-27 08:15:00+00:00,2324.5,2330.10009765625,2324.10009765625,2327.10009765625,57454
2026-03-27 08:30:00+00:00,2323.699951171875,2328.800048828125,2320.89990234375,2324.39990234375,28615
2026-03-27 08:45:00+00:00,2316.89990234375,2325.10009765625,2314.39990234375,2323.60009765625,48082
2026-03-27 09:00:00+00:00,2312.10009765625,2316.699951171875,2308.699951171875,2316.10009765625,84390
2026-03-27 09:15:00+00:00,2312.199951171875,2319.300048828125,2311.39990234375,2312.800048828125,94989
2026-03-27 09:30:00+00:00,2317.5,2318.800048828125,2300.5,2311.199951171875,2110254
2026-03-27 09:45:00+00:00,2313.89990234375,2326.0,2313.89990234375,2317.5,1871830
2026-03-30 03:45:00+00:00,2280.5,2291.699951171875,2260.10009765625,2275.10009765625,70438
2026-03-30 04:00:00+00:00,2312.10009765625,2313.10009765625,2280.89990234375,2280.89990234375,71263
2026-03-30 04:15:00+00:00,2301.800048828125,2313.39990234375,2296.60009765625,2312.10009765625,107852
2026-03-30 04:30:00+00:00,2296.199951171875,2309.800048828125,2288.89990234375,2301.199951171875,66757
2026-03-30 04:45:00+00:00,2280.60009765625,2297.0,2279.60009765625,2294.300048828125,78234
2026-03-30 05:00:00+00:00,2277.89990234375,2283.5,2275.60009765625,2281.0,29503
2026-03-30 05:15:00+00:00,2271.199951171875,2282.199951171875,2261.5,2277.89990234375,28387
2026-03-30 05:30:00+00:00,2262.5,2271.199951171875,2260.89990234375,2271.199951171875,46037
2026-03-30 05:45:00+00:00,2260.0,2266.10009765625,2258.5,2262.699951171875,21298
2026-03-30 06:00:00+00:00,2259.0,2269.39990234375,2257.699951171875,2259.199951171875,21225
2026-03-30 06:15:00+00:00,2258.60009765625,2262.89990234375,2251.60009765625,2259.0,75023
2026-03-30 06:30:00+00:00,2264.10009765625,2268.39990234375,2257.699951171875,2258.5,30315
2026-03-30 06:45:00+00:00,2252.5,2267.10009765625,2251.10009765625,2265.300048828125,22346
2026-03-30 07:00:00+00:00,2259.39990234375,2261.60009765625,2249.0,2253.300048828125,31995
2026-03-30 07:15:00+00:00,2249.39990234375,2260.89990234375,2248.0,2259.5,39190
2026-03-30 07:30:00+00:00,2250.5,2252.300048828125,2244.5,2249.10009765625,42629
2026-03-30 07:45:00+00:00,2245.60009765625,2254.199951171875,2241.60009765625,2250.39990234375,41255
2026-03-30 08:00:00+00:00,2236.699951171875,2248.39990234375,2235.60009765625,2245.39990234375,43167
2026-03-30 08:15:00+00:00,2230.60009765625,2237.800048828125,2230.0,2236.699951171875,39760
2026-03-30 08:30:00+00:00,2230.199951171875,2238.39990234375,2229.39990234375,2230.60009765625,58848
2026-03-30 08:45:00+00:00,2226.699951171875,2234.800048828125,2225.300048828125,2230.199951171875,45591
2026-03-30 09:00:00+00:00,2229.699951171875,2231.89990234375,2222.10009765625,2226.699951171875,49282
2026-03-30 09:15:00+00:00,2230.800048828125,2233.0,2223.0,2229.39990234375,200467
2026-03-30 09:30:00+00:00,2218.10009765625,2231.300048828125,2215.60009765625,2230.5,305060
2026-03-30 09:45:00+00:00,2216.39990234375,2225.0,2206.39990234375,2218.0,455781
2026-04-01 03:45:00+00:00,2321.800048828125,2321.800048828125,2290.10009765625,2303.60009765625,51001
2026-04-01 04:00:00+00:00,2305.699951171875,2323.5,2301.10009765625,2321.800048828125,75855
2026-04-01 04:15:00+00:00,2315.5,2317.800048828125,2302.10009765625,2307.300048828125,46437
2026-04-01 04:30:00+00:00,2307.89990234375,2319.89990234375,2306.0,2315.300048828125,52800
2026-04-01 04:45:00+00:00,2310.60009765625,2313.199951171875,2302.10009765625,2307.800048828125,35991
2026-04-01 05:00:00+00:00,2298.5,2312.60009765625,2297.0,2312.60009765625,99271
2026-04-01 05:15:00+00:00,2291.89990234375,2297.800048828125,2289.39990234375,2297.800048828125,42506
2026-04-01 05:30:00+00:00,2290.10009765625,2296.300048828125,2287.10009765625,2291.300048828125,16077
2026-04-01 05:45:00+00:00,2303.199951171875,2306.699951171875,2285.10009765625,2290.5,48540
2026-04-01 06:00:00+00:00,2307.10009765625,2310.0,2301.5,2303.300048828125,78955
2026-04-01 06:15:00+00:00,2296.5,2307.10009765625,2291.300048828125,2307.10009765625,22663
2026-04-01 06:30:00+00:00,2304.0,2309.300048828125,2294.800048828125,2295.39990234375,57987
2026-04-01 06:45:00+00:00,2309.5,2310.699951171875,2302.699951171875,2304.199951171875,49318
2026-04-01 07:00:00+00:00,2303.5,2310.300048828125,2302.5,2309.5,80567
2026-04-01 07:15:00+00:00,2339.699951171875,2341.800048828125,2302.89990234375,2303.39990234375,376081
2026-04-01 07:30:00+00:00,2342.39990234375,2357.10009765625,2338.800048828125,2339.0,248467
2026-04-01 07:45:00+00:00,2337.39990234375,2347.699951171875,2333.300048828125,2343.300048828125,36163
2026-04-01 08:00:00+00:00,2326.699951171875,2338.300048828125,2319.5,2337.89990234375,27431
2026-04-01 08:15:00+00:00,2327.60009765625,2330.0,2320.39990234375,2325.699951171875,21618
2026-04-01 08:30:00+00:00,2338.199951171875,2340.10009765625,2323.199951171875,2327.199951171875,42416
2026-04-01 08:45:00+00:00,2334.0,2339.5,2323.5,2338.800048828125,38739
2026-04-01 09:00:00+00:00,2336.300048828125,2336.300048828125,2328.10009765625,2333.5,136455
2026-04-01 09:15:00+00:00,2325.5,2336.10009765625,2312.89990234375,2335.199951171875,226218
2026-04-01 09:30:00+00:00,2335.10009765625,2339.5,2326.0,2326.10009765625,175058
2026-04-01 09:45:00+00:00,2339.5,2357.0,2334.60009765625,2335.0,277089
2026-04-02 03:45:00+00:00,2270.199951171875,2298.0,2260.800048828125,2298.0,57732
2026-04-02 04:00:00+00:00,2257.39990234375,2279.0,2254.699951171875,2269.699951171875,77432
2026-04-02 04:15:00+00:00,2248.60009765625,2257.5,2242.0,2257.0,60966
2026-04-02 04:30:00+00:00,2261.0,2261.89990234375,2247.10009765625,2248.10009765625,56547
2026-04-02 04:45:00+00:00,2266.39990234375,2266.39990234375,2256.800048828125,2260.39990234375,16512
2026-04-02 05:00:00+00:00,2282.300048828125,2283.39990234375,2263.0,2265.5,35475
2026-04-02 05:15:00+00:00,2288.699951171875,2291.89990234375,2275.0,2283.699951171875,54002
2026-04-02 05:30:00+00:00,2304.699951171875,2306.5,2285.60009765625,2288.300048828125,56188
2026-04-02 05:45:00+00:00,2310.800048828125,2311.60009765625,2298.60009765625,2304.199951171875,43805
2026-04-02 06:00:00+00:00,2313.699951171875,2325.5,2304.699951171875,2310.800048828125,150270
2026-04-02 06:15:00+00:00,2319.5,2324.5,2304.699951171875,2312.699951171875,36472
2026-04-02 06:30:00+00:00,2322.39990234375,2325.300048828125,2312.39990234375,2319.10009765625,33260
2026-04-02 06:45:00+00:00,2322.800048828125,2326.300048828125,2312.300048828125,2321.89990234375,37476
2026-04-02 07:00:00+00:00,2329.699951171875,2331.300048828125,2322.0,2323.60009765625,22678
2026-04-02 07:15:00+00:00,2327.0,2333.39990234375,2324.60009765625,2331.10009765625,17504
2026-04-02 07:30:00+00:00,2327.89990234375,2334.199951171875,2325.5,2327.60009765625,21801
2026-04-02 07:45:00+00:00,2332.0,2341.39990234375,2326.199951171875,2329.0,21550
2026-04-02 08:00:00+00:00,2332.0,2334.60009765625,2320.0,2332.199951171875,22261
2026-04-02 08:15:00+00:00,2332.300048828125,2337.60009765625,2330.0,2332.699951171875,20605
2026-04-02 08:30:00+00:00,2337.89990234375,2339.5,2330.5,2332.699951171875,14275
2026-04-02 08:45:00+00:00,2336.5,2345.10009765625,2336.39990234375,2339.39990234375,23157
2026-04-02 09:00:00+00:00,2333.800048828125,2342.60009765625,2331.39990234375,2335.89990234375,17369
2026-04-02 09:15:00+00:00,2344.39990234375,2345.0,2331.5,2332.199951171875,23074
2026-04-02 09:30:00+00:00,2353.89990234375,2358.300048828125,2340.0,2345.5,70462
2026-04-02 09:45:00+00:00,2355.0,2355.0,2341.0,2352.699951171875,87278
2026-04-06 03:45:00+00:00,2325.10009765625,2357.5,2317.10009765625,2357.5,33758
2026-04-06 04:00:00+00:00,2331.60009765625,2347.89990234375,2320.0,2323.699951171875,37041
2026-04-06 04:15:00+00:00,2329.199951171875,2338.89990234375,2325.199951171875,2332.699951171875,23374
2026-04-06 04:30:00+00:00,2342.60009765625,2344.199951171875,2326.0,2329.0,13196
2026-04-06 04:45:00+00:00,2344.199951171875,2349.39990234375,2328.699951171875,2342.10009765625,20419
2026-04-06 05:00:00+00:00,2356.0,2356.89990234375,2332.89990234375,2343.300048828125,36061
2026-04-06 05:15:00+00:00,2335.0,2358.89990234375,2332.5,2355.0,33969
2026-04-06 05:30:00+00:00,2332.39990234375,2342.5,2325.699951171875,2335.0,26357
2026-04-06 05:45:00+00:00,2333.699951171875,2337.0,2325.0,2332.300048828125,37525
2026-04-06 06:00:00+00:00,2330.60009765625,2335.800048828125,2327.39990234375,2334.0,6726
2026-04-06 06:15:00+00:00,2329.10009765625,2337.39990234375,2327.699951171875,2330.800048828125,27406
2026-04-06 06:30:00+00:00,2327.10009765625,2333.800048828125,2325.5,2328.10009765625,11556
2026-04-06 06:45:00+00:00,2330.10009765625,2332.10009765625,2326.60009765625,2327.60009765625,8331
2026-04-06 07:00:00+00:00,2328.300048828125,2333.699951171875,2325.199951171875,2329.5,26263
2026-04-06 07:15:00+00:00,2349.699951171875,2349.89990234375,2327.39990234375,2327.39990234375,18312
2026-04-06 07:30:00+00:00,2356.699951171875,2356.89990234375,2340.60009765625,2350.10009765625,23080
2026-04-06 07:45:00+00:00,2341.699951171875,2358.10009765625,2341.0,2356.699951171875,45758
2026-04-06 08:00:00+00:00,2357.199951171875,2362.5,2341.89990234375,2341.89990234375,45282
2026-04-06 08:15:00+00:00,2362.0,2365.5,2356.0,2357.199951171875,24708
2026-04-06 08:30:00+00:00,2391.0,2394.300048828125,2359.800048828125,2361.89990234375,71502
2026-04-06 08:45:00+00:00,2390.300048828125,2396.699951171875,2385.0,2391.199951171875,111504
2026-04-06 09:00:00+00:00,2390.199951171875,2397.699951171875,2389.10009765625,2390.300048828125,15093
2026-04-06 09:15:00+00:00,2389.699951171875,2392.60009765625,2384.699951171875,2389.800048828125,23632
2026-04-06 09:30:00+00:00,2387.199951171875,2395.89990234375,2386.39990234375,2389.0,35544
2026-04-06 09:45:00+00:00,2380.0,2390.60009765625,2375.0,2387.199951171875,44681
2026-04-07 03:45:00+00:00,2369.800048828125,2379.199951171875,2335.199951171875,2379.199951171875,30388
2026-04-07 04:00:00+00:00,2352.89990234375,2372.10009765625,2352.89990234375,2369.60009765625,26162
2026-04-07 04:15:00+00:00,2356.89990234375,2361.60009765625,2350.0,2352.89990234375,11396
2026-04-07 04:30:00+00:00,2360.0,2361.300048828125,2353.5,2358.199951171875,7632
2026-04-07 04:45:00+00:00,2368.0,2368.5,2357.10009765625,2360.0,13205
2026-04-07 05:00:00+00:00,2366.699951171875,2374.300048828125,2362.39990234375,2368.0,15780
2026-04-07 05:15:00+00:00,2345.60009765625,2366.5,2344.89990234375,2366.5,35119
2026-04-07 05:30:00+00:00,2345.0,2350.800048828125,2344.300048828125,2346.300048828125,56432
2026-04-07 05:45:00+00:00,2343.0,2349.199951171875,2340.800048828125,2345.0,37721
2026-04-07 06:00:00+00:00,2348.10009765625,2350.0,2339.800048828125,2343.10009765625,34866
2026-04-07 06:15:00+00:00,2351.199951171875,2352.300048828125,2346.300048828125,2347.60009765625,33207
2026-04-07 06:30:00+00:00,2346.800048828125,2351.60009765625,2345.10009765625,2351.199951171875,31924
2026-04-07 06:45:00+00:00,2347.800048828125,2350.0,2344.300048828125,2347.10009765625,25458
2026-04-07 07:00:00+00:00,2347.199951171875,2350.0,2345.199951171875,2347.800048828125,24281
2026-04-07 07:15:00+00:00,2344.10009765625,2349.89990234375,2344.10009765625,2347.10009765625,23316
2026-04-07 07:30:00+00:00,2345.0,2346.89990234375,2341.60009765625,2344.800048828125,16690
2026-04-07 07:45:00+00:00,2342.5,2347.89990234375,2337.0,2345.0,22635
2026-04-07 08:00:00+00:00,2347.60009765625,2350.0,2343.199951171875,2343.199951171875,20406
2026-04-07 08:15:00+00:00,2342.60009765625,2349.39990234375,2339.89990234375,2347.0,20996
2026-04-07 08:30:00+00:00,2342.39990234375,2349.39990234375,2340.39990234375,2343.5,27441
2026-04-07 08:45:00+00:00,2337.5,2344.0,2333.10009765625,2343.199951171875,31078
2026-04-07 09:00:00+00:00,2340.0,2340.0,2332.5,2336.800048828125,21132
2026-04-07 09:15:00+00:00,2342.699951171875,2345.0,2338.699951171875,2340.39990234375,49426
2026-04-07 09:30:00+00:00,2344.5,2352.0,2338.89990234375,2343.800048828125,101611
2026-04-07 09:45:00+00:00,2345.199951171875,2351.800048828125,2335.0,2344.10009765625,118969
2026-04-08 03:45:00+00:00,2503.199951171875,2513.89990234375,2437.800048828125,2444.89990234375,265925
2026-04-08 04:00:00+00:00,2518.699951171875,2519.800048828125,2497.89990234375,2502.0,103919
2026-04-08 04:15:00+00:00,2525.0,2530.0,2515.89990234375,2519.5,123129
2026-04-08 04:30:00+00:00,2523.89990234375,2534.5,2519.300048828125,2524.39990234375,133038
2026-04-08 04:45:00+00:00,2536.10009765625,2539.0,2521.0,2522.5,105258
2026-04-08 05:00:00+00:00,2541.60009765625,2544.800048828125,2530.300048828125,2535.89990234375,73643
2026-04-08 05:15:00+00:00,2544.199951171875,2545.0,2535.10009765625,2541.60009765625,48810
2026-04-08 05:30:00+00:00,2527.800048828125,2547.89990234375,2525.0,2544.10009765625,91379
2026-04-08 05:45:00+00:00,2530.300048828125,2531.699951171875,2518.5,2527.800048828125,36581
2026-04-08 06:00:00+00:00,2536.5,2538.39990234375,2529.39990234375,2530.60009765625,31090
2026-04-08 06:15:00+00:00,2527.5,2539.89990234375,2526.699951171875,2536.5,31957
2026-04-08 06:30:00+00:00,2533.199951171875,2538.39990234375,2524.5,2526.800048828125,60535
2026-04-08 06:45:00+00:00,2534.0,2537.199951171875,2532.300048828125,2535.39990234375,23099
2026-04-08 07:00:00+00:00,2528.89990234375,2533.10009765625,2521.10009765625,2532.39990234375,38911
2026-04-08 07:15:00+00:00,2520.699951171875,2533.800048828125,2517.800048828125,2529.800048828125,45835
2026-04-08 07:30:00+00:00,2512.60009765625,2520.699951171875,2505.10009765625,2520.699951171875,36501
2026-04-08 07:45:00+00:00,2526.199951171875,2529.89990234375,2511.199951171875,2513.60009765625,25439
2026-04-08 08:00:00+00:00,2525.0,2528.0,2519.199951171875,2526.199951171875,24386
2026-04-08 08:15:00+00:00,2535.699951171875,2536.800048828125,2525.0,2525.0,26714
2026-04-08 08:30:00+00:00,2534.0,2539.10009765625,2531.10009765625,2536.199951171875,30116
2026-04-08 08:45:00+00:00,2543.0,2548.0,2530.0,2533.5,42495
2026-04-08 09:00:00+00:00,2550.199951171875,2552.89990234375,2541.5,2543.0,67555
2026-04-08 09:15:00+00:00,2553.60009765625,2556.0,2548.800048828125,2551.5,106702
2026-04-08 09:30:00+00:00,2552.10009765625,2554.300048828125,2547.300048828125,2552.89990234375,63794
2026-04-08 09:45:00+00:00,2539.39990234375,2559.5,2522.300048828125,2552.0,270326
2026-04-09 03:45:00+00:00,2521.0,2542.0,2516.199951171875,2536.39990234375,45623
2026-04-09 04:00:00+00:00,2507.5,2523.5,2505.5,2521.300048828125,81026
2026-04-09 04:15:00+00:00,2496.5,2511.0,2493.10009765625,2508.10009765625,71446
2026-04-09 04:30:00+00:00,2518.199951171875,2519.89990234375,2495.0,2495.5,35297
2026-04-09 04:45:00+00:00,2520.0,2526.60009765625,2513.800048828125,2518.199951171875,42378
2026-04-09 05:00:00+00:00,2513.89990234375,2523.5,2510.89990234375,2519.5,32668
2026-04-09 05:15:00+00:00,2521.199951171875,2524.60009765625,2513.199951171875,2513.800048828125,8482
2026-04-09 05:30:00+00:00,2530.0,2533.89990234375,2521.10009765625,2521.10009765625,11408
2026-04-09 05:45:00+00:00,2530.0,2532.39990234375,2524.60009765625,2529.800048828125,9269
2026-04-09 06:00:00+00:00,2541.10009765625,2541.199951171875,2529.300048828125,2530.0,18299
2026-04-09 06:15:00+00:00,2544.0,2548.699951171875,2538.60009765625,2540.800048828125,24169
2026-04-09 06:30:00+00:00,2539.89990234375,2547.89990234375,2538.0,2545.0,22655
2026-04-09 06:45:00+00:00,2545.5,2548.0,2537.800048828125,2539.5,15448
2026-04-09 07:00:00+00:00,2542.300048828125,2546.60009765625,2538.39990234375,2545.800048828125,18583
2026-04-09 07:15:00+00:00,2541.5,2543.800048828125,2533.5,2541.800048828125,27268
2026-04-09 07:30:00+00:00,2537.5,2548.0,2533.89990234375,2541.5,16960
2026-04-09 07:45:00+00:00,2532.800048828125,2538.199951171875,2531.39990234375,2537.199951171875,16387
2026-04-09 08:00:00+00:00,2527.699951171875,2535.60009765625,2527.10009765625,2533.60009765625,18261
2026-04-09 08:15:00+00:00,2518.89990234375,2529.89990234375,2517.39990234375,2528.5,58196
2026-04-09 08:30:00+00:00,2518.39990234375,2525.89990234375,2518.0,2518.0,43429
2026-04-09 08:45:00+00:00,2512.699951171875,2521.300048828125,2511.10009765625,2518.199951171875,17951
2026-04-09 09:00:00+00:00,2510.0,2517.60009765625,2508.0,2512.699951171875,54226
2026-04-09 09:15:00+00:00,2511.0,2513.60009765625,2506.0,2509.5,28264
2026-04-09 09:30:00+00:00,2512.39990234375,2516.39990234375,2507.199951171875,2511.300048828125,123657
2026-04-09 09:45:00+00:00,2515.0,2528.0,2512.300048828125,2512.300048828125,117248
2026-04-10 03:45:00+00:00,2552.60009765625,2571.60009765625,2535.800048828125,2535.800048828125,19246
2026-04-10 04:00:00+00:00,2563.10009765625,2563.5,2549.60009765625,2553.199951171875,29814
2026-04-10 04:15:00+00:00,2582.199951171875,2584.800048828125,2562.10009765625,2563.10009765625,48467
2026-04-10 04:30:00+00:00,2578.60009765625,2584.800048828125,2560.0,2583.0,64532
2026-04-10 04:45:00+00:00,2575.89990234375,2580.0,2575.199951171875,2578.39990234375,19101
2026-04-10 05:00:00+00:00,2586.10009765625,2587.0,2574.300048828125,2575.5,25868
2026-04-10 05:15:00+00:00,2589.5,2589.5,2581.39990234375,2585.60009765625,29675
2026-04-10 05:30:00+00:00,2590.60009765625,2594.0,2587.699951171875,2589.199951171875,18713
2026-04-10 05:45:00+00:00,2587.60009765625,2591.800048828125,2587.300048828125,2589.800048828125,16514
2026-04-10 06:00:00+00:00,2593.0,2594.5,2587.60009765625,2587.60009765625,16837
2026-04-10 06:15:00+00:00,2609.10009765625,2609.39990234375,2585.800048828125,2592.5,40375
2026-04-10 06:30:00+00:00,2607.800048828125,2622.39990234375,2606.800048828125,2609.10009765625,34842
2026-04-10 06:45:00+00:00,2622.10009765625,2623.199951171875,2602.60009765625,2606.60009765625,37618
2026-04-10 07:00:00+00:00,2615.699951171875,2626.199951171875,2614.5,2621.39990234375,50698
2026-04-10 07:15:00+00:00,2616.10009765625,2617.300048828125,2611.699951171875,2614.800048828125,20704
2026-04-10 07:30:00+00:00,2616.39990234375,2619.39990234375,2612.699951171875,2615.60009765625,19127
2026-04-10 07:45:00+00:00,2617.60009765625,2617.60009765625,2608.0,2616.10009765625,20217
2026-04-10 08:00:00+00:00,2623.5,2623.5,2613.10009765625,2617.0,23591
2026-04-10 08:15:00+00:00,2618.199951171875,2624.5,2616.199951171875,2623.5,38543
2026-04-10 08:30:00+00:00,2616.0,2622.699951171875,2615.10009765625,2616.89990234375,22712
2026-04-10 08:45:00+00:00,2604.0,2616.10009765625,2599.10009765625,2616.10009765625,47122
2026-04-10 09:00:00+00:00,2612.699951171875,2612.699951171875,2598.0,2604.5,97172
2026-04-10 09:15:00+00:00,2617.300048828125,2617.39990234375,2608.699951171875,2611.5,22770
2026-04-10 09:30:00+00:00,2617.800048828125,2621.199951171875,2616.10009765625,2616.60009765625,46718
2026-04-10 09:45:00+00:00,2624.0,2624.89990234375,2612.39990234375,2618.0,79859
2026-04-13 03:45:00+00:00,2571.39990234375,2578.800048828125,2527.60009765625,2578.800048828125,40222
2026-04-13 04:00:00+00:00,2558.5,2572.60009765625,2550.60009765625,2572.60009765625,27406
2026-04-13 04:15:00+00:00,2565.39990234375,2567.39990234375,2553.39990234375,2556.800048828125,19168
2026-04-13 04:30:00+00:00,2566.800048828125,2578.800048828125,2561.10009765625,2565.0,20156
2026-04-13 04:45:00+00:00,2573.89990234375,2574.300048828125,2559.699951171875,2566.699951171875,15722
2026-04-13 05:00:00+00:00,2563.89990234375,2576.60009765625,2557.699951171875,2573.199951171875,31469
2026-04-13 05:15:00+00:00,2577.0,2577.89990234375,2563.39990234375,2563.39990234375,13807
2026-04-13 05:30:00+00:00,2572.39990234375,2587.800048828125,2568.0,2575.699951171875,29786
2026-04-13 05:45:00+00:00,2560.60009765625,2574.300048828125,2559.0,2571.699951171875,14952
2026-04-13 06:00:00+00:00,2569.0,2569.0,2558.10009765625,2560.699951171875,12177
2026-04-13 06:15:00+00:00,2570.699951171875,2574.5,2564.89990234375,2569.199951171875,43180
2026-04-13 06:30:00+00:00,2558.800048828125,2571.60009765625,2556.0,2569.60009765625,55171
2026-04-13 06:45:00+00:00,2560.60009765625,2561.300048828125,2553.800048828125,2557.800048828125,12760
2026-04-13 07:00:00+00:00,2559.5,2565.60009765625,2558.0,2560.60009765625,51955
2026-04-13 07:15:00+00:00,2553.5,2561.699951171875,2551.39990234375,2560.0,20869
2026-04-13 07:30:00+00:00,2555.199951171875,2560.800048828125,2550.800048828125,2553.10009765625,14031
2026-04-13 07:45:00+00:00,2552.0,2555.60009765625,2551.0,2555.0,18197
2026-04-13 08:00:00+00:00,2544.800048828125,2556.39990234375,2544.0,2551.89990234375,61005
2026-04-13 08:15:00+00:00,2542.89990234375,2547.199951171875,2542.0,2544.800048828125,70607
2026-04-13 08:30:00+00:00,2539.0,2543.199951171875,2530.39990234375,2542.39990234375,64662
2026-04-13 08:45:00+00:00,2542.39990234375,2542.89990234375,2536.199951171875,2540.0,26643
2026-04-13 09:00:00+00:00,2548.300048828125,2554.0,2542.0,2542.0,63871
2026-04-13 09:15:00+00:00,2548.0,2549.10009765625,2545.39990234375,2546.800048828125,51899
2026-04-13 09:30:00+00:00,2547.800048828125,2548.89990234375,2537.0,2546.39990234375,83120
2026-04-13 09:45:00+00:00,2550.0,2551.0,2541.0,2547.699951171875,77823
2026-04-15 03:45:00+00:00,2608.10009765625,2646.0,2603.800048828125,2626.0,66853
2026-04-15 04:00:00+00:00,2628.10009765625,2632.800048828125,2602.60009765625,2607.60009765625,107533
2026-04-15 04:15:00+00:00,2654.300048828125,2658.0,2625.89990234375,2626.60009765625,147139
2026-04-15 04:30:00+00:00,2658.0,2658.699951171875,2650.800048828125,2654.0,41216
2026-04-15 04:45:00+00:00,2661.10009765625,2663.89990234375,2655.5,2658.0,30591
2026-04-15 05:00:00+00:00,2670.0,2675.89990234375,2660.89990234375,2661.10009765625,47253
2026-04-15 05:15:00+00:00,2671.800048828125,2677.60009765625,2667.699951171875,2670.39990234375,57843
2026-04-15 05:30:00+00:00,2670.5,2678.0,2667.800048828125,2671.0,51256
2026-04-15 05:45:00+00:00,2672.60009765625,2674.89990234375,2664.699951171875,2670.10009765625,85992
2026-04-15 06:00:00+00:00,2664.89990234375,2674.800048828125,2663.10009765625,2672.89990234375,92536
2026-04-15 06:15:00+00:00,2665.0,2669.89990234375,2662.699951171875,2663.0,208471
2026-04-15 06:30:00+00:00,2664.0,2669.10009765625,2662.699951171875,2665.0,45713
2026-04-15 06:45:00+00:00,2653.89990234375,2664.89990234375,2653.0,2664.0,66239
2026-04-15 07:00:00+00:00,2658.60009765625,2660.39990234375,2642.300048828125,2653.5,54903
2026-04-15 07:15:00+00:00,2643.699951171875,2659.199951171875,2642.800048828125,2657.10009765625,87781
2026-04-15 07:30:00+00:00,2633.0,2647.199951171875,2632.60009765625,2644.800048828125,49330
2026-04-15 07:45:00+00:00,2634.39990234375,2634.5,2628.89990234375,2634.0,70339
2026-04-15 08:00:00+00:00,2630.800048828125,2641.0,2629.699951171875,2635.39990234375,43831
2026-04-15 08:15:00+00:00,2657.0,2657.89990234375,2630.5,2630.89990234375,62642
2026-04-15 08:30:00+00:00,2652.10009765625,2660.39990234375,2647.10009765625,2656.5,60516
2026-04-15 08:45:00+00:00,2654.699951171875,2657.89990234375,2648.5,2652.39990234375,75477
2026-04-15 09:00:00+00:00,2661.800048828125,2662.0,2650.39990234375,2654.199951171875,111714
2026-04-15 09:15:00+00:00,2660.699951171875,2664.800048828125,2655.0,2661.800048828125,102074
2026-04-15 09:30:00+00:00,2661.89990234375,2663.89990234375,2659.60009765625,2661.5,175997
2026-04-15 09:45:00+00:00,2669.0,2670.300048828125,2660.800048828125,2662.0,127139
2026-04-16 03:45:00+00:00,2705.300048828125,2723.300048828125,2674.199951171875,2674.199951171875,43041
2026-04-16 04:00:00+00:00,2699.699951171875,2707.199951171875,2691.699951171875,2705.0,90373
2026-04-16 04:15:00+00:00,2681.60009765625,2707.0,2681.39990234375,2698.39990234375,80420
2026-04-16 04:30:00+00:00,2696.300048828125,2702.0,2681.800048828125,2682.0,66414
2026-04-16 04:45:00+00:00,2699.199951171875,2705.0,2694.10009765625,2696.0,71828
2026-04-16 05:00:00+00:00,2706.800048828125,2708.300048828125,2698.199951171875,2699.0,59308
2026-04-16 05:15:00+00:00,2714.800048828125,2715.89990234375,2705.60009765625,2705.89990234375,76429
2026-04-16 05:30:00+00:00,2711.0,2715.89990234375,2703.10009765625,2715.0,108334
2026-04-16 05:45:00+00:00,2707.0,2717.39990234375,2705.0,2711.0,53630
2026-04-16 06:00:00+00:00,2701.300048828125,2710.0,2696.800048828125,2707.300048828125,71270
2026-04-16 06:15:00+00:00,2698.0,2703.39990234375,2692.89990234375,2702.10009765625,226320
2026-04-16 06:30:00+00:00,2706.300048828125,2708.800048828125,2692.89990234375,2697.699951171875,38914
2026-04-16 06:45:00+00:00,2696.0,2707.10009765625,2684.0,2706.300048828125,159246
2026-04-16 07:00:00+00:00,2686.39990234375,2695.39990234375,2682.5,2695.10009765625,112697
2026-04-16 07:15:00+00:00,2679.39990234375,2687.60009765625,2667.5,2685.300048828125,50064
2026-04-16 07:30:00+00:00,2635.89990234375,2681.89990234375,2614.0,2678.89990234375,340236
2026-04-16 07:45:00+00:00,2622.199951171875,2648.39990234375,2606.199951171875,2635.800048828125,292805
2026-04-16 08:00:00+00:00,2630.300048828125,2634.699951171875,2608.39990234375,2622.5,150795
2026-04-16 08:15:00+00:00,2638.699951171875,2642.39990234375,2621.199951171875,2631.89990234375,110605
2026-04-16 08:30:00+00:00,2647.5,2647.5,2630.39990234375,2639.199951171875,148183
2026-04-16 08:45:00+00:00,2649.89990234375,2651.300048828125,2638.800048828125,2647.300048828125,81713
2026-04-16 09:00:00+00:00,2651.800048828125,2658.89990234375,2648.699951171875,2649.89990234375,95177
2026-04-16 09:15:00+00:00,2659.60009765625,2666.5,2650.10009765625,2653.300048828125,67506
2026-04-16 09:30:00+00:00,2668.699951171875,2669.0,2650.0,2659.300048828125,118426
2026-04-16 09:45:00+00:00,2655.60009765625,2669.0,2651.10009765625,2667.199951171875,128538
2026-04-17 03:45:00+00:00,2728.199951171875,2728.199951171875,2662.300048828125,2662.300048828125,80776
2026-04-17 04:00:00+00:00,2757.89990234375,2762.39990234375,2714.300048828125,2722.300048828125,200609
2026-04-17 04:15:00+00:00,2768.699951171875,2771.300048828125,2756.0,2758.10009765625,146984
2026-04-17 04:30:00+00:00,2768.60009765625,2774.199951171875,2761.0,2768.10009765625,106469
2026-04-17 04:45:00+00:00,2769.800048828125,2771.89990234375,2760.10009765625,2768.300048828125,70345
2026-04-17 05:00:00+00:00,2785.89990234375,2790.0,2770.0,2770.0,113075
2026-04-17 05:15:00+00:00,2785.5,2792.39990234375,2781.0,2787.39990234375,44725
2026-04-17 05:30:00+00:00,2774.199951171875,2782.0,2770.10009765625,2782.0,88108
2026-04-17 05:45:00+00:00,2778.699951171875,2783.300048828125,2770.800048828125,2774.0,50848
2026-04-17 06:00:00+00:00,2779.0,2786.699951171875,2776.39990234375,2778.5,39349
2026-04-17 06:15:00+00:00,2776.39990234375,2779.199951171875,2773.0,2779.0,36090
2026-04-17 06:30:00+00:00,2780.5,2782.39990234375,2774.89990234375,2776.0,20730
2026-04-17 06:45:00+00:00,2774.60009765625,2780.89990234375,2771.0,2779.699951171875,34467
2026-04-17 07:00:00+00:00,2773.39990234375,2780.10009765625,2769.0,2774.5,51217
2026-04-17 07:15:00+00:00,2779.39990234375,2779.39990234375,2772.199951171875,2773.89990234375,12517
2026-04-17 07:30:00+00:00,2783.0,2787.5,2778.300048828125,2779.60009765625,55987
2026-04-17 07:45:00+00:00,2780.800048828125,2786.0,2777.39990234375,2783.0,37928
2026-04-17 08:00:00+00:00,2775.5,2783.0,2771.0,2781.300048828125,191686
2026-04-17 08:15:00+00:00,2787.0,2789.0,2772.0,2775.300048828125,152664
2026-04-17 08:30:00+00:00,2785.39990234375,2789.0,2777.5,2786.39990234375,66223
2026-04-17 08:45:00+00:00,2779.60009765625,2788.5,2777.10009765625,2785.10009765625,39828
2026-04-17 09:00:00+00:00,2781.300048828125,2782.5,2772.0,2779.0,47756
2026-04-17 09:15:00+00:00,2793.0,2796.39990234375,2779.89990234375,2780.89990234375,69477
2026-04-17 09:30:00+00:00,2791.800048828125,2798.0,2786.0,2793.60009765625,201550
2026-04-17 09:45:00+00:00,2796.10009765625,2798.39990234375,2787.10009765625,2791.39990234375,211730
2026-04-20 03:45:00+00:00,2788.199951171875,2809.60009765625,2765.5,2788.300048828125,79554
2026-04-20 04:00:00+00:00,2756.5,2788.10009765625,2753.89990234375,2788.10009765625,75494
2026-04-20 04:15:00+00:00,2761.800048828125,2769.800048828125,2757.199951171875,2757.199951171875,76807
2026-04-20 04:30:00+00:00,2759.39990234375,2762.39990234375,2758.0,2759.199951171875,41664
2026-04-20 09:30:00+00:00,2770.0,2792.39990234375,2768.60009765625,2792.39990234375,609302
2026-04-20 09:45:00+00:00,2769.0,2770.5,2762.300048828125,2769.89990234375,110649
2026-04-21 03:45:00+00:00,2756.10009765625,2766.89990234375,2741.89990234375,2754.0,38482
2026-04-21 04:00:00+00:00,2749.0,2756.0,2743.5,2756.0,40568
2026-04-21 04:15:00+00:00,2751.10009765625,2751.5,2745.800048828125,2749.300048828125,29619
2026-04-21 04:30:00+00:00,2741.0,2758.10009765625,2740.300048828125,2751.10009765625,37691
2026-04-21 04:45:00+00:00,2738.300048828125,2743.0,2734.699951171875,2743.0,48575
2026-04-21 05:00:00+00:00,2752.60009765625,2756.0,2737.0,2738.199951171875,33415
2026-04-21 05:15:00+00:00,2765.800048828125,2766.39990234375,2752.10009765625,2752.60009765625,39466
2026-04-21 05:30:00+00:00,2768.0,2773.10009765625,2763.0,2766.800048828125,42570
2026-04-21 05:45:00+00:00,2779.89990234375,2782.10009765625,2765.39990234375,2768.0,37878
2026-04-21 06:00:00+00:00,2772.300048828125,2780.5,2768.0,2780.39990234375,37165
2026-04-21 06:15:00+00:00,2771.60009765625,2775.39990234375,2766.300048828125,2772.199951171875,23160
2026-04-21 06:30:00+00:00,2786.39990234375,2787.0,2768.199951171875,2770.800048828125,37495
2026-04-21 06:45:00+00:00,2799.5,2801.60009765625,2784.199951171875,2786.10009765625,150394
2026-04-21 07:00:00+00:00,2799.89990234375,2803.699951171875,2793.199951171875,2799.699951171875,115389
2026-04-21 07:15:00+00:00,2811.89990234375,2813.0,2797.0,2799.89990234375,209298
2026-04-21 07:30:00+00:00,2806.60009765625,2815.0,2799.699951171875,2811.89990234375,49224
2026-04-21 07:45:00+00:00,2800.199951171875,2809.699951171875,2795.0,2806.60009765625,28559
2026-04-21 08:00:00+00:00,2796.0,2803.5,2796.0,2799.300048828125,23296
2026-04-21 08:15:00+00:00,2789.800048828125,2799.89990234375,2789.0,2796.0,21264
2026-04-21 08:30:00+00:00,2784.5,2792.300048828125,2779.699951171875,2790.800048828125,87527
2026-04-21 08:45:00+00:00,2796.39990234375,2796.39990234375,2783.699951171875,2784.5,34072
2026-04-21 09:00:00+00:00,2798.5,2799.199951171875,2792.5,2797.10009765625,87232
2026-04-21 09:15:00+00:00,2793.5,2807.5,2790.5,2799.199951171875,124240
2026-04-21 09:30:00+00:00,2798.0,2798.10009765625,2788.10009765625,2794.0,65636
2026-04-21 09:45:00+00:00,2795.0,2800.0,2790.39990234375,2796.699951171875,81872
2026-04-22 03:45:00+00:00,2788.199951171875,2811.300048828125,2777.699951171875,2777.699951171875,50532
2026-04-22 04:00:00+00:00,2788.60009765625,2791.39990234375,2781.300048828125,2789.10009765625,49179
2026-04-22 04:15:00+00:00,2771.800048828125,2789.39990234375,2771.800048828125,2789.0,39853
2026-04-22 04:30:00+00:00,2766.10009765625,2779.699951171875,2766.10009765625,2773.300048828125,59706
2026-04-22 04:45:00+00:00,2766.89990234375,2770.39990234375,2759.60009765625,2767.300048828125,48803
2026-04-22 05:00:00+00:00,2771.199951171875,2772.60009765625,2763.199951171875,2766.89990234375,54113
2026-04-22 05:15:00+00:00,2770.89990234375,2778.0,2767.0,2770.5,106093
2026-04-22 05:30:00+00:00,2779.39990234375,2781.800048828125,2770.89990234375,2770.89990234375,31718
2026-04-22 05:45:00+00:00,2785.89990234375,2786.699951171875,2776.199951171875,2779.39990234375,35997
2026-04-22 06:00:00+00:00,2788.39990234375,2793.0,2784.0,2784.800048828125,63376
2026-04-22 06:15:00+00:00,2793.800048828125,2794.39990234375,2788.0,2788.39990234375,70144
2026-04-22 06:30:00+00:00,2795.5,2802.39990234375,2794.60009765625,2795.0,46579
2026-04-22 06:45:00+00:00,2798.60009765625,2800.0,2794.800048828125,2794.800048828125,55338
2026-04-22 07:00:00+00:00,2790.199951171875,2799.5,2789.10009765625,2798.300048828125,24337
2026-04-22 07:15:00+00:00,2784.39990234375,2790.5,2780.5,2790.5,20386
2026-04-22 07:30:00+00:00,2774.39990234375,2784.699951171875,2771.39990234375,2784.199951171875,18935
2026-04-22 07:45:00+00:00,2775.0,2775.800048828125,2765.0,2774.800048828125,20134
2026-04-22 08:00:00+00:00,2775.60009765625,2776.800048828125,2773.0,2775.0,15518
2026-04-22 08:15:00+00:00,2774.300048828125,2776.199951171875,2773.10009765625,2776.10009765625,16826
2026-04-22 08:30:00+00:00,2772.5,2775.699951171875,2767.89990234375,2774.39990234375,25336
2026-04-22 08:45:00+00:00,2769.0,2773.300048828125,2767.300048828125,2773.10009765625,17556
2026-04-22 09:00:00+00:00,2768.0,2770.0,2767.5,2769.0,22016
2026-04-22 09:15:00+00:00,2772.300048828125,2775.39990234375,2767.5,2768.10009765625,49259
2026-04-22 09:30:00+00:00,2763.300048828125,2771.800048828125,2761.300048828125,2771.800048828125,56746
2026-04-22 09:45:00+00:00,2769.0,2771.60009765625,2762.300048828125,2763.300048828125,107289
2026-04-23 03:45:00+00:00,2750.199951171875,2758.39990234375,2732.5,2732.5,31459
2026-04-23 04:00:00+00:00,2750.0,2761.300048828125,2746.5,2750.39990234375,39541
2026-04-23 04:15:00+00:00,2746.0,2756.0,2742.60009765625,2748.89990234375,32588
2026-04-23 04:30:00+00:00,2744.300048828125,2749.800048828125,2735.89990234375,2745.39990234375,93211
2026-04-23 04:45:00+00:00,2745.10009765625,2748.60009765625,2742.89990234375,2744.300048828125,25544
2026-04-23 05:00:00+00:00,2745.300048828125,2747.89990234375,2744.60009765625,2745.10009765625,56690
2026-04-23 05:15:00+00:00,2755.0,2755.0,2745.0,2745.300048828125,24775
2026-04-23 05:30:00+00:00,2748.0,2755.10009765625,2748.0,2754.300048828125,20642
2026-04-23 05:45:00+00:00,2754.60009765625,2756.0,2749.89990234375,2750.0,18717
2026-04-23 06:00:00+00:00,2755.0,2758.800048828125,2752.199951171875,2754.60009765625,22382
2026-04-23 06:15:00+00:00,2751.89990234375,2757.39990234375,2751.199951171875,2755.0,18246
2026-04-23 06:30:00+00:00,2743.199951171875,2752.0,2741.699951171875,2752.0,27655
2026-04-23 06:45:00+00:00,2740.0,2744.5,2736.60009765625,2743.0,15382
2026-04-23 07:00:00+00:00,2735.199951171875,2744.300048828125,2732.5,2740.0,35810
2026-04-23 07:15:00+00:00,2733.89990234375,2738.300048828125,2731.0,2734.0,41784
2026-04-23 07:30:00+00:00,2734.800048828125,2735.199951171875,2731.5,2733.89990234375,16727
2026-04-23 07:45:00+00:00,2731.0,2735.5,2729.300048828125,2734.800048828125,48193
2026-04-23 08:00:00+00:00,2718.39990234375,2731.60009765625,2717.10009765625,2731.39990234375,46824
2026-04-23 08:15:00+00:00,2714.10009765625,2718.39990234375,2705.699951171875,2718.39990234375,74941
2026-04-23 08:30:00+00:00,2709.0,2714.39990234375,2707.699951171875,2713.300048828125,81704
2026-04-23 08:45:00+00:00,2709.5,2713.10009765625,2705.300048828125,2709.60009765625,55556
2026-04-23 09:00:00+00:00,2706.10009765625,2710.0,2703.10009765625,2709.60009765625,26906
2026-04-23 09:15:00+00:00,2703.39990234375,2709.5,2700.0,2705.60009765625,64524
2026-04-23 09:30:00+00:00,2705.0,2707.5,2700.0,2703.699951171875,96130
2026-04-23 09:45:00+00:00,2727.0,2727.0,2705.0,2705.10009765625,106784
2026-04-24 03:45:00+00:00,2738.699951171875,2764.0,2704.800048828125,2704.800048828125,94774
2026-04-24 04:00:00+00:00,2732.199951171875,2740.89990234375,2719.60009765625,2736.89990234375,62142
2026-04-24 04:15:00+00:00,2722.0,2731.60009765625,2721.199951171875,2731.60009765625,33652
2026-04-24 04:30:00+00:00,2732.699951171875,2735.89990234375,2722.10009765625,2723.300048828125,26081
2026-04-24 04:45:00+00:00,2724.5,2732.800048828125,2723.10009765625,2732.699951171875,45322
2026-04-24 05:00:00+00:00,2722.60009765625,2730.800048828125,2721.699951171875,2724.5,23091
2026-04-24 05:15:00+00:00,2719.60009765625,2730.0,2718.699951171875,2721.89990234375,26232
2026-04-24 05:30:00+00:00,2705.10009765625,2719.60009765625,2703.0,2718.699951171875,52228
2026-04-24 05:45:00+00:00,2710.0,2713.0,2701.800048828125,2706.0,28845
2026-04-24 06:00:00+00:00,2712.199951171875,2714.0,2708.10009765625,2711.199951171875,18256
2026-04-24 06:15:00+00:00,2707.0,2712.199951171875,2705.0,2711.699951171875,14576
2026-04-24 06:30:00+00:00,2699.800048828125,2705.300048828125,2695.0,2705.199951171875,91791
2026-04-24 06:45:00+00:00,2705.0,2710.800048828125,2698.0,2699.0,140342
2026-04-24 07:00:00+00:00,2714.800048828125,2715.199951171875,2704.89990234375,2705.300048828125,35891
2026-04-24 07:15:00+00:00,2712.5,2717.0,2710.0,2712.199951171875,21291
2026-04-24 07:30:00+00:00,2705.800048828125,2712.5,2705.0,2712.5,14066
2026-04-24 07:45:00+00:00,2710.5,2712.0,2704.10009765625,2706.0,16902
2026-04-24 08:00:00+00:00,2704.39990234375,2712.0,2703.699951171875,2710.60009765625,11150
2026-04-24 08:15:00+00:00,2715.300048828125,2717.10009765625,2704.39990234375,2704.39990234375,25235
2026-04-24 08:30:00+00:00,2717.5,2722.0,2711.800048828125,2715.300048828125,16258
2026-04-24 08:45:00+00:00,2730.0,2730.199951171875,2717.5,2717.5,20551
2026-04-24 09:00:00+00:00,2729.300048828125,2733.699951171875,2725.5,2729.0,22090
2026-04-24 09:15:00+00:00,2733.60009765625,2735.10009765625,2725.39990234375,2728.199951171875,38111
2026-04-24 09:30:00+00:00,2733.60009765625,2734.800048828125,2726.0,2729.699951171875,71744
2026-04-24 09:45:00+00:00,2740.0,2744.5,2729.0,2736.0,81023
2026-04-27 03:45:00+00:00,2731.0,2757.5,2725.699951171875,2745.5,20994
2026-04-27 04:00:00+00:00,2730.5,2738.10009765625,2724.39990234375,2734.0,14157
2026-04-27 04:15:00+00:00,2745.699951171875,2747.199951171875,2730.10009765625,2730.39990234375,13895
2026-04-27 04:30:00+00:00,2729.5,2746.800048828125,2728.60009765625,2745.699951171875,17813
2026-04-27 04:45:00+00:00,2729.5,2736.300048828125,2728.0,2729.89990234375,9432
2026-04-27 05:00:00+00:00,2729.89990234375,2731.0,2722.300048828125,2729.5,25733
2026-04-27 05:15:00+00:00,2722.89990234375,2732.5,2719.89990234375,2731.39990234375,19019
2026-04-27 05:30:00+00:00,2733.10009765625,2734.0,2720.0,2723.89990234375,29379
2026-04-27 05:45:00+00:00,2745.10009765625,2750.0,2733.0,2733.0,17540
2026-04-27 06:00:00+00:00,2744.800048828125,2747.800048828125,2742.60009765625,2745.0,10512
2026-04-27 06:15:00+00:00,2751.89990234375,2753.89990234375,2741.39990234375,2743.89990234375,13727
2026-04-27 06:30:00+00:00,2749.0,2751.39990234375,2746.300048828125,2750.300048828125,6836
2026-04-27 06:45:00+00:00,2748.300048828125,2752.10009765625,2746.0,2748.800048828125,10042
2026-04-27 07:00:00+00:00,2758.800048828125,2765.60009765625,2746.89990234375,2747.699951171875,25434
2026-04-27 07:15:00+00:00,2757.0,2760.60009765625,2756.89990234375,2758.60009765625,7484
2026-04-27 07:30:00+00:00,2764.699951171875,2765.0,2756.60009765625,2757.0,16923
2026-04-27 07:45:00+00:00,2764.10009765625,2774.5,2759.199951171875,2763.60009765625,20373
2026-04-27 08:00:00+00:00,2759.39990234375,2764.89990234375,2759.39990234375,2763.199951171875,5856
2026-04-27 08:15:00+00:00,2760.0,2761.89990234375,2754.199951171875,2759.39990234375,7727
2026-04-27 08:30:00+00:00,2761.60009765625,2763.89990234375,2757.89990234375,2760.0,8191
2026-04-27 08:45:00+00:00,2762.300048828125,2763.300048828125,2758.89990234375,2760.699951171875,7581
2026-04-27 09:00:00+00:00,2761.89990234375,2763.5,2758.10009765625,2762.699951171875,10110
2026-04-27 09:15:00+00:00,2756.89990234375,2762.5,2756.5,2761.39990234375,11699
2026-04-27 09:30:00+00:00,2753.5,2758.699951171875,2751.10009765625,2758.699951171875,27776
2026-04-27 09:45:00+00:00,2761.199951171875,2767.300048828125,2750.800048828125,2752.800048828125,68452
2026-04-28 03:45:00+00:00,2758.10009765625,2774.800048828125,2749.800048828125,2749.800048828125,16648
2026-04-28 04:00:00+00:00,2750.89990234375,2756.60009765625,2746.60009765625,2756.60009765625,18860
2026-04-28 04:15:00+00:00,2761.10009765625,2762.0,2750.10009765625,2750.10009765625,20322
2026-04-28 04:30:00+00:00,2749.0,2762.699951171875,2746.39990234375,2759.699951171875,27158
2026-04-28 04:45:00+00:00,2754.300048828125,2759.60009765625,2745.800048828125,2749.0,36053
2026-04-28 05:00:00+00:00,2745.300048828125,2754.300048828125,2742.0,2753.699951171875,24794
2026-04-28 05:15:00+00:00,2745.0,2749.10009765625,2744.199951171875,2745.199951171875,15981
2026-04-28 05:30:00+00:00,2743.0,2750.60009765625,2742.5,2745.60009765625,11599
2026-04-28 05:45:00+00:00,2763.699951171875,2768.0,2738.39990234375,2743.0,76713
2026-04-28 06:00:00+00:00,2778.5,2788.60009765625,2762.800048828125,2763.300048828125,91898
2026-04-28 06:15:00+00:00,2770.0,2780.5,2767.60009765625,2778.5,47193
2026-04-28 06:30:00+00:00,2765.300048828125,2771.10009765625,2764.39990234375,2770.0,32329
2026-04-28 06:45:00+00:00,2770.300048828125,2773.0,2764.5,2766.10009765625,31457
2026-04-28 07:00:00+00:00,2771.800048828125,2773.699951171875,2765.5,2770.300048828125,22289
2026-04-28 07:15:00+00:00,2766.39990234375,2775.39990234375,2763.89990234375,2771.800048828125,43698
2026-04-28 07:30:00+00:00,2756.0,2769.300048828125,2755.10009765625,2766.39990234375,32846
2026-04-28 07:45:00+00:00,2758.89990234375,2760.0,2756.0,2756.0,21712
2026-04-28 08:00:00+00:00,2755.60009765625,2758.89990234375,2753.10009765625,2758.10009765625,18825
2026-04-28 08:15:00+00:00,2769.89990234375,2773.699951171875,2754.39990234375,2756.10009765625,39264
2026-04-28 08:30:00+00:00,2768.60009765625,2771.300048828125,2762.39990234375,2769.89990234375,94800
2026-04-28 08:45:00+00:00,2773.5,2779.10009765625,2767.39990234375,2768.60009765625,35273
2026-04-28 09:00:00+00:00,2777.89990234375,2778.800048828125,2772.300048828125,2773.5,32907
2026-04-28 09:15:00+00:00,2774.300048828125,2778.60009765625,2773.199951171875,2777.89990234375,28608
2026-04-28 09:30:00+00:00,2758.39990234375,2774.5,2753.699951171875,2774.5,126131
2026-04-28 09:45:00+00:00,2770.0,2773.0,2755.60009765625,2758.39990234375,134445
2026-04-29 03:45:00+00:00,2770.0,2792.800048828125,2762.89990234375,2775.0,16881
2026-04-29 04:00:00+00:00,2773.0,2777.199951171875,2760.300048828125,2769.0,25468
2026-04-29 04:15:00+00:00,2768.10009765625,2773.60009765625,2765.5,2773.0,14572
2026-04-29 04:30:00+00:00,2780.800048828125,2789.39990234375,2768.10009765625,2768.10009765625,35729
2026-04-29 04:45:00+00:00,2785.300048828125,2786.300048828125,2780.699951171875,2780.699951171875,17085
2026-04-29 05:00:00+00:00,2781.60009765625,2785.300048828125,2777.300048828125,2785.300048828125,10537
2026-04-29 05:15:00+00:00,2797.199951171875,2805.0,2782.89990234375,2782.89990234375,53943
2026-04-29 05:30:00+00:00,2801.0,2803.800048828125,2790.699951171875,2797.89990234375,36365
2026-04-29 05:45:00+00:00,2793.800048828125,2802.300048828125,2793.800048828125,2800.699951171875,26673
2026-04-29 06:00:00+00:00,2794.800048828125,2797.10009765625,2788.10009765625,2794.10009765625,21187
2026-04-29 06:15:00+00:00,2797.10009765625,2800.0,2792.699951171875,2793.800048828125,26207
2026-04-29 06:30:00+00:00,2804.0,2804.39990234375,2793.800048828125,2796.0,25737
2026-04-29 06:45:00+00:00,2804.10009765625,2808.300048828125,2803.89990234375,2804.0,35986
2026-04-29 07:00:00+00:00,2801.699951171875,2805.60009765625,2798.199951171875,2804.0,27930
2026-04-29 07:15:00+00:00,2801.39990234375,2802.39990234375,2798.300048828125,2801.5,9327
2026-04-29 07:30:00+00:00,2804.10009765625,2806.800048828125,2800.5,2801.300048828125,26947
2026-04-29 07:45:00+00:00,2802.10009765625,2803.699951171875,2802.0,2803.199951171875,33504
2026-04-29 08:00:00+00:00,2792.0,2805.10009765625,2788.89990234375,2802.0,63023
2026-04-29 08:15:00+00:00,2789.89990234375,2795.800048828125,2788.60009765625,2792.300048828125,29799
2026-04-29 08:30:00+00:00,2790.10009765625,2796.199951171875,2789.5,2790.199951171875,41629
2026-04-29 08:45:00+00:00,2783.0,2791.39990234375,2781.199951171875,2790.5,28301
2026-04-29 09:00:00+00:00,2790.800048828125,2791.0,2780.0,2782.10009765625,22294
2026-04-29 09:15:00+00:00,2782.39990234375,2790.0,2780.0,2789.89990234375,21153
2026-04-29 09:30:00+00:00,2785.0,2795.39990234375,2782.5,2782.5,99288
2026-04-29 09:45:00+00:00,2788.0,2790.0,2779.300048828125,2786.10009765625,63668
2026-04-30 03:45:00+00:00,2755.39990234375,2774.89990234375,2745.5,2774.89990234375,17991
2026-04-30 04:00:00+00:00,2753.300048828125,2769.39990234375,2747.10009765625,2756.0,35658
2026-04-30 04:15:00+00:00,2750.5,2760.300048828125,2747.60009765625,2753.0,25317
2026-04-30 04:30:00+00:00,2753.800048828125,2758.10009765625,2745.10009765625,2749.5,64859
2026-04-30 04:45:00+00:00,2728.300048828125,2752.699951171875,2727.0,2752.699951171875,44549
2026-04-30 05:00:00+00:00,2728.199951171875,2731.199951171875,2723.5,2728.60009765625,19060
2026-04-30 05:15:00+00:00,2731.60009765625,2733.5,2723.199951171875,2728.199951171875,18344
2026-04-30 05:30:00+00:00,2733.0,2740.300048828125,2729.5,2731.5,32408
2026-04-30 05:45:00+00:00,2740.10009765625,2742.699951171875,2732.0,2733.10009765625,22577
2026-04-30 06:00:00+00:00,2732.39990234375,2741.10009765625,2730.60009765625,2740.0,38034
2026-04-30 06:15:00+00:00,2730.800048828125,2733.10009765625,2730.10009765625,2732.39990234375,8808
2026-04-30 06:30:00+00:00,2719.39990234375,2731.5,2717.10009765625,2730.60009765625,69167
2026-04-30 06:45:00+00:00,2714.199951171875,2720.0,2711.300048828125,2720.0,23534
2026-04-30 07:00:00+00:00,2710.5,2715.0,2708.0,2714.5,25649
2026-04-30 07:15:00+00:00,2714.39990234375,2715.699951171875,2710.60009765625,2711.0,22335
2026-04-30 07:30:00+00:00,2710.39990234375,2716.800048828125,2709.800048828125,2714.39990234375,21416
2026-04-30 07:45:00+00:00,2717.39990234375,2720.0,2709.5,2710.60009765625,31267
2026-04-30 08:00:00+00:00,2722.800048828125,2725.300048828125,2717.5,2717.5,98250
2026-04-30 08:15:00+00:00,2736.699951171875,2737.800048828125,2720.300048828125,2721.5,68479
2026-04-30 08:30:00+00:00,2720.0,2736.800048828125,2717.39990234375,2736.800048828125,71648
2026-04-30 08:45:00+00:00,2720.89990234375,2725.89990234375,2718.10009765625,2720.10009765625,51589
2026-04-30 09:00:00+00:00,2729.60009765625,2733.0,2720.10009765625,2721.0,64236
2026-04-30 09:15:00+00:00,2723.199951171875,2730.300048828125,2722.5,2730.300048828125,67865
2026-04-30 09:30:00+00:00,2709.300048828125,2725.199951171875,2703.699951171875,2725.199951171875,145655
2026-04-30 09:45:00+00:00,2712.60009765625,2729.5,2708.60009765625,2708.60009765625,137738
2026-05-04 03:45:00+00:00,2761.5,2763.0,2738.0,2740.39990234375,21096
2026-05-04 04:00:00+00:00,2768.800048828125,2772.0,2761.5,2762.199951171875,21330
2026-05-04 04:15:00+00:00,2768.39990234375,2774.300048828125,2762.89990234375,2768.89990234375,19287
2026-05-04 04:30:00+00:00,2760.5,2770.0,2755.89990234375,2768.199951171875,11637
2026-05-04 04:45:00+00:00,2759.699951171875,2763.89990234375,2754.0,2759.800048828125,13077
2026-05-04 05:00:00+00:00,2751.699951171875,2763.0,2750.0,2760.0,11400
2026-05-04 05:15:00+00:00,2747.89990234375,2757.199951171875,2746.800048828125,2751.699951171875,16988
2026-05-04 05:30:00+00:00,2752.0,2753.10009765625,2747.199951171875,2748.60009765625,8309
2026-05-04 05:45:00+00:00,2750.10009765625,2757.10009765625,2745.60009765625,2752.0,19863
2026-05-04 06:00:00+00:00,2749.699951171875,2759.800048828125,2747.5,2750.89990234375,22838
2026-05-04 06:15:00+00:00,2749.5,2753.89990234375,2748.699951171875,2749.699951171875,12389
2026-05-04 06:30:00+00:00,2737.0,2750.699951171875,2735.89990234375,2749.5,29364
2026-05-04 06:45:00+00:00,2739.0,2741.0,2734.0,2736.39990234375,22644
2026-05-04 07:00:00+00:00,2741.800048828125,2747.39990234375,2737.300048828125,2738.699951171875,17649
2026-05-04 07:15:00+00:00,2740.699951171875,2744.800048828125,2737.60009765625,2741.199951171875,19883
2026-05-04 07:30:00+00:00,2741.0,2744.60009765625,2738.5,2740.89990234375,13776
2026-05-04 07:45:00+00:00,2732.60009765625,2744.699951171875,2732.60009765625,2740.5,17445
2026-05-04 08:00:00+00:00,2741.0,2741.60009765625,2728.10009765625,2731.0,11853
2026-05-04 08:15:00+00:00,2739.199951171875,2741.89990234375,2735.5,2740.10009765625,13186
2026-05-04 08:30:00+00:00,2744.10009765625,2746.5,2736.5,2738.300048828125,9654
2026-05-04 08:45:00+00:00,2748.60009765625,2754.89990234375,2744.0,2744.10009765625,35929
2026-05-04 09:00:00+00:00,2744.0,2748.39990234375,2739.10009765625,2748.39990234375,18311
2026-05-04 09:15:00+00:00,2744.699951171875,2747.10009765625,2739.0,2743.60009765625,12978
2026-05-04 09:30:00+00:00,2750.699951171875,2753.89990234375,2744.5,2746.300048828125,22317
2026-05-04 09:45:00+00:00,2753.60009765625,2769.89990234375,2748.199951171875,2750.699951171875,43823
2026-05-05 03:45:00+00:00,2709.199951171875,2743.0,2707.39990234375,2743.0,27261
2026-05-05 04:00:00+00:00,2733.5,2735.39990234375,2709.199951171875,2709.199951171875,41400
2026-05-05 04:15:00+00:00,2763.699951171875,2765.10009765625,2732.199951171875,2733.199951171875,60012
2026-05-05 04:30:00+00:00,2758.0,2765.0,2753.10009765625,2762.89990234375,52284
2026-05-05 04:45:00+00:00,2760.699951171875,2777.89990234375,2756.60009765625,2758.0,43465
2026-05-05 05:00:00+00:00,2754.0,2766.300048828125,2753.800048828125,2761.699951171875,28056
2026-05-05 05:15:00+00:00,2762.39990234375,2769.5,2754.199951171875,2754.89990234375,20249
2026-05-05 05:30:00+00:00,2772.10009765625,2772.199951171875,2763.39990234375,2763.5,36603
2026-05-05 05:45:00+00:00,2809.699951171875,2812.0,2772.300048828125,2773.10009765625,60261
2026-05-05 06:00:00+00:00,2804.39990234375,2823.0,2804.39990234375,2809.699951171875,103500
2026-05-05 06:15:00+00:00,2794.300048828125,2808.60009765625,2794.300048828125,2804.39990234375,30479
2026-05-05 06:30:00+00:00,2814.5,2814.800048828125,2794.300048828125,2795.0,54362
2026-05-05 06:45:00+00:00,2818.0,2825.10009765625,2814.0,2814.0,57444
2026-05-05 07:00:00+00:00,2811.60009765625,2820.0,2811.5,2816.60009765625,16791
2026-05-05 07:15:00+00:00,2813.10009765625,2815.60009765625,2807.0,2812.0,26602
2026-05-05 07:30:00+00:00,2810.800048828125,2814.300048828125,2805.39990234375,2812.5,23885
2026-05-05 07:45:00+00:00,2807.0,2814.0,2807.0,2810.89990234375,19219
2026-05-05 08:00:00+00:00,2806.300048828125,2809.5,2801.0,2807.10009765625,16206
2026-05-05 08:15:00+00:00,2805.5,2817.0,2802.699951171875,2806.89990234375,25995
2026-05-05 08:30:00+00:00,2807.0,2809.0,2801.699951171875,2804.699951171875,23946
2026-05-05 08:45:00+00:00,2806.800048828125,2808.60009765625,2801.89990234375,2807.0,16660
2026-05-05 09:00:00+00:00,2812.5,2814.60009765625,2802.0,2806.89990234375,19580
2026-05-05 09:15:00+00:00,2807.5,2813.800048828125,2803.60009765625,2812.5,26217
2026-05-05 09:30:00+00:00,2807.800048828125,2808.0,2803.10009765625,2808.0,52847
2026-05-05 09:45:00+00:00,2812.0,2814.5,2802.60009765625,2807.699951171875,72839
2026-05-06 03:45:00+00:00,2838.800048828125,2857.89990234375,2821.0,2857.89990234375,44255
2026-05-06 04:00:00+00:00,2830.89990234375,2842.0,2827.300048828125,2837.699951171875,25620
2026-05-06 04:15:00+00:00,2825.199951171875,2832.699951171875,2825.10009765625,2830.89990234375,17126
2026-05-06 04:30:00+00:00,2829.39990234375,2832.60009765625,2821.89990234375,2825.199951171875,23207
2026-05-06 04:45:00+00:00,2827.10009765625,2830.800048828125,2825.10009765625,2830.0,9595
2026-05-06 05:00:00+00:00,2826.800048828125,2830.39990234375,2821.10009765625,2827.0,18519
2026-05-06 05:15:00+00:00,2819.0,2826.800048828125,2817.300048828125,2826.800048828125,13990
2026-05-06 05:30:00+00:00,2813.60009765625,2823.800048828125,2811.10009765625,2818.199951171875,32223
2026-05-06 05:45:00+00:00,2814.10009765625,2814.89990234375,2807.89990234375,2814.5,20844
2026-05-06 06:00:00+00:00,2830.0,2831.39990234375,2810.60009765625,2814.199951171875,42955
2026-05-06 06:15:00+00:00,2824.699951171875,2833.39990234375,2824.699951171875,2829.300048828125,13292
2026-05-06 06:30:00+00:00,2822.89990234375,2826.60009765625,2820.199951171875,2824.699951171875,29090
2026-05-06 06:45:00+00:00,2823.0,2825.10009765625,2820.0,2822.89990234375,13727
2026-05-06 07:00:00+00:00,2817.800048828125,2823.0,2816.800048828125,2823.0,11781
2026-05-06 07:15:00+00:00,2815.300048828125,2819.39990234375,2814.10009765625,2817.800048828125,10582
2026-05-06 07:30:00+00:00,2817.89990234375,2818.800048828125,2812.0,2816.199951171875,11676
2026-05-06 07:45:00+00:00,2811.5,2820.10009765625,2811.5,2817.10009765625,13899
2026-05-06 08:00:00+00:00,2821.10009765625,2824.0,2811.5,2811.5,81225
2026-05-06 08:15:00+00:00,2813.199951171875,2824.0,2813.199951171875,2821.5,28898
2026-05-06 08:30:00+00:00,2812.39990234375,2815.10009765625,2811.800048828125,2813.39990234375,12104
2026-05-06 08:45:00+00:00,2818.89990234375,2821.199951171875,2811.300048828125,2813.5,69949
2026-05-06 09:00:00+00:00,2815.0,2822.89990234375,2811.10009765625,2818.89990234375,56814
2026-05-06 09:15:00+00:00,2820.39990234375,2823.0,2813.5,2815.199951171875,106083
2026-05-06 09:30:00+00:00,2817.300048828125,2823.0,2816.199951171875,2821.89990234375,70055
2026-05-06 09:45:00+00:00,2813.0,2818.0,2807.39990234375,2817.300048828125,110413
2026-05-07 03:45:00+00:00,2811.199951171875,2827.300048828125,2803.0,2827.300048828125,28102
2026-05-07 04:00:00+00:00,2795.800048828125,2811.89990234375,2792.89990234375,2811.199951171875,35413
2026-05-07 04:15:00+00:00,2796.39990234375,2802.5,2788.0,2797.300048828125,37201
2026-05-07 04:30:00+00:00,2788.10009765625,2801.10009765625,2782.10009765625,2797.5,25362
2026-05-07 04:45:00+00:00,2787.89990234375,2791.300048828125,2785.39990234375,2788.800048828125,27054
2026-05-07 05:00:00+00:00,2801.699951171875,2802.0,2787.699951171875,2788.60009765625,20324
2026-05-07 05:15:00+00:00,2797.199951171875,2803.60009765625,2795.699951171875,2802.0,14119
2026-05-07 05:30:00+00:00,2800.199951171875,2800.300048828125,2794.60009765625,2797.199951171875,14322
2026-05-07 05:45:00+00:00,2790.300048828125,2801.699951171875,2790.0,2800.300048828125,39173
2026-05-07 06:00:00+00:00,2781.10009765625,2792.5,2781.10009765625,2790.300048828125,42406
2026-05-07 06:15:00+00:00,2797.199951171875,2798.199951171875,2780.10009765625,2781.10009765625,36031
2026-05-07 06:30:00+00:00,2810.5,2815.89990234375,2797.199951171875,2797.89990234375,23431
2026-05-07 06:45:00+00:00,2818.699951171875,2818.699951171875,2810.0,2810.39990234375,19062
2026-05-07 07:00:00+00:00,2821.89990234375,2829.199951171875,2816.199951171875,2818.699951171875,30020
2026-05-07 07:15:00+00:00,2815.0,2823.199951171875,2812.0,2823.199951171875,19740
2026-05-07 07:30:00+00:00,2818.300048828125,2823.300048828125,2813.60009765625,2815.0,30206
2026-05-07 07:45:00+00:00,2817.89990234375,2820.199951171875,2811.89990234375,2818.300048828125,12835
2026-05-07 08:00:00+00:00,2825.60009765625,2831.199951171875,2816.699951171875,2818.699951171875,27014
2026-05-07 08:15:00+00:00,2826.60009765625,2828.89990234375,2825.0,2825.5,12241
2026-05-07 08:30:00+00:00,2846.800048828125,2848.0,2826.60009765625,2827.39990234375,48989
2026-05-07 08:45:00+00:00,2844.10009765625,2853.10009765625,2841.0,2847.60009765625,50236
2026-05-07 09:00:00+00:00,2845.60009765625,2848.5,2840.0,2845.39990234375,29138
2026-05-07 09:15:00+00:00,2839.5,2848.39990234375,2838.39990234375,2845.800048828125,30733
2026-05-07 09:30:00+00:00,2832.800048828125,2840.5,2827.89990234375,2839.5,71532
2026-05-07 09:45:00+00:00,2833.0,2840.0,2832.60009765625,2833.60009765625,70823
2026-05-08 03:45:00+00:00,2828.0,2837.89990234375,2815.39990234375,2820.0,167452
2026-05-08 04:00:00+00:00,2828.0,2839.300048828125,2824.699951171875,2827.89990234375,16212
2026-05-08 04:15:00+00:00,2837.300048828125,2838.0,2824.699951171875,2827.699951171875,13776
2026-05-08 04:30:00+00:00,2847.699951171875,2847.89990234375,2833.300048828125,2836.800048828125,21739
2026-05-08 04:45:00+00:00,2856.5,2858.89990234375,2846.10009765625,2848.699951171875,31297
2026-05-08 05:00:00+00:00,2856.89990234375,2860.699951171875,2852.800048828125,2854.89990234375,22542
2026-05-08 05:15:00+00:00,2859.5,2865.0,2855.699951171875,2856.0,26812
2026-05-08 05:30:00+00:00,2859.0,2862.5,2853.5,2858.10009765625,26582
2026-05-08 05:45:00+00:00,2856.0,2859.800048828125,2853.0,2858.800048828125,14695
2026-05-08 06:00:00+00:00,2853.39990234375,2856.0,2848.39990234375,2856.0,19931
2026-05-08 06:15:00+00:00,2853.800048828125,2856.0,2849.5,2853.89990234375,10422
2026-05-08 06:30:00+00:00,2851.0,2855.800048828125,2850.0,2855.10009765625,6407
2026-05-08 06:45:00+00:00,2861.60009765625,2862.0,2847.199951171875,2850.0,310855
2026-05-08 07:00:00+00:00,2869.800048828125,2872.39990234375,2855.39990234375,2861.60009765625,25739
2026-05-08 07:15:00+00:00,2867.89990234375,2871.0,2863.10009765625,2867.89990234375,17355
2026-05-08 07:30:00+00:00,2857.10009765625,2869.800048828125,2855.300048828125,2866.89990234375,23550
2026-05-08 07:45:00+00:00,2859.39990234375,2860.10009765625,2853.60009765625,2858.10009765625,9445
2026-05-08 08:00:00+00:00,2861.60009765625,2865.699951171875,2859.10009765625,2860.0,18931
2026-05-08 08:15:00+00:00,2858.5,2863.0,2857.89990234375,2862.60009765625,12600
2026-05-08 08:30:00+00:00,2863.800048828125,2865.699951171875,2855.60009765625,2857.60009765625,15311
2026-05-08 08:45:00+00:00,2868.0,2870.0,2860.0,2863.800048828125,32878
2026-05-08 09:00:00+00:00,2868.199951171875,2870.0,2866.10009765625,2868.10009765625,15573
2026-05-08 09:15:00+00:00,2860.60009765625,2871.0,2860.0,2869.89990234375,20752
2026-05-08 09:30:00+00:00,2851.39990234375,2864.800048828125,2851.39990234375,2860.89990234375,65755
2026-05-08 09:45:00+00:00,2847.0,2854.10009765625,2844.89990234375,2851.60009765625,81341
2026-05-11 03:45:00+00:00,2827.5,2840.0,2808.89990234375,2840.0,21678
2026-05-11 04:00:00+00:00,2804.0,2829.699951171875,2801.0,2828.0,26262
2026-05-11 04:15:00+00:00,2805.0,2813.0,2801.89990234375,2803.0,15350
2026-05-11 04:30:00+00:00,2804.0,2817.800048828125,2801.10009765625,2804.800048828125,16090
2026-05-11 04:45:00+00:00,2787.699951171875,2809.10009765625,2785.699951171875,2805.199951171875,21236
2026-05-11 05:00:00+00:00,2775.0,2789.60009765625,2775.0,2789.10009765625,61586
2026-05-11 05:15:00+00:00,2786.89990234375,2788.699951171875,2773.800048828125,2775.300048828125,38366
2026-05-11 05:30:00+00:00,2793.10009765625,2795.800048828125,2786.0,2786.0,49126
2026-05-11 05:45:00+00:00,2789.89990234375,2794.89990234375,2788.5,2793.0,13875
2026-05-11 06:00:00+00:00,2780.300048828125,2791.300048828125,2780.0,2791.0,30278
2026-05-11 06:15:00+00:00,2776.10009765625,2784.800048828125,2774.0,2780.300048828125,115616
2026-05-11 06:30:00+00:00,2778.5,2787.60009765625,2774.300048828125,2774.300048828125,117829
2026-05-11 06:45:00+00:00,2768.39990234375,2780.0,2765.0,2778.10009765625,35437
2026-05-11 07:00:00+00:00,2766.699951171875,2770.60009765625,2761.300048828125,2768.39990234375,35691
2026-05-11 07:15:00+00:00,2760.699951171875,2769.60009765625,2759.300048828125,2766.699951171875,52151
2026-05-11 07:30:00+00:00,2762.60009765625,2768.199951171875,2760.10009765625,2760.10009765625,46901
2026-05-11 07:45:00+00:00,2757.300048828125,2764.0,2753.199951171875,2762.60009765625,59060
2026-05-11 08:00:00+00:00,2759.699951171875,2764.0,2757.300048828125,2757.89990234375,40094
2026-05-11 08:15:00+00:00,2753.39990234375,2762.699951171875,2752.0,2760.39990234375,47034
2026-05-11 08:30:00+00:00,2750.199951171875,2754.60009765625,2750.0,2752.60009765625,28064
2026-05-11 08:45:00+00:00,2751.199951171875,2758.60009765625,2749.39990234375,2750.300048828125,77013
2026-05-11 09:00:00+00:00,2754.10009765625,2758.10009765625,2749.699951171875,2751.10009765625,73681
2026-05-11 09:15:00+00:00,2749.199951171875,2756.699951171875,2748.0,2754.199951171875,80845
2026-05-11 09:30:00+00:00,2742.0,2748.10009765625,2740.300048828125,2746.5,42008
2026-05-11 09:45:00+00:00,2750.0,2755.0,2740.10009765625,2742.0,136469
2026-05-12 03:45:00+00:00,2715.0,2757.89990234375,2710.199951171875,2722.10009765625,84197
2026-05-12 04:00:00+00:00,2716.0,2722.89990234375,2703.89990234375,2714.800048828125,74446
2026-05-12 04:15:00+00:00,2716.699951171875,2729.699951171875,2712.5,2714.60009765625,56745
2026-05-12 04:30:00+00:00,2712.199951171875,2715.800048828125,2706.199951171875,2715.800048828125,44740
2026-05-12 04:45:00+00:00,2709.300048828125,2716.699951171875,2708.0,2712.199951171875,25840
2026-05-12 05:00:00+00:00,2706.89990234375,2716.0,2706.10009765625,2709.89990234375,48852
2026-05-12 05:15:00+00:00,2698.199951171875,2708.10009765625,2696.0,2706.60009765625,27188
2026-05-12 05:30:00+00:00,2698.199951171875,2704.699951171875,2689.10009765625,2698.800048828125,47840
2026-05-12 05:45:00+00:00,2701.699951171875,2702.10009765625,2697.39990234375,2698.10009765625,38713
2026-05-12 06:00:00+00:00,2693.5,2702.300048828125,2691.699951171875,2701.5,17633
2026-05-12 06:15:00+00:00,2686.89990234375,2693.5,2685.199951171875,2693.0,14658
2026-05-12 06:30:00+00:00,2685.0,2686.39990234375,2678.800048828125,2686.39990234375,13977
2026-05-12 06:45:00+00:00,2684.60009765625,2690.0,2682.10009765625,2684.0,11297
2026-05-12 07:00:00+00:00,2677.699951171875,2685.699951171875,2674.60009765625,2684.5,21089
2026-05-12 07:15:00+00:00,2671.10009765625,2677.10009765625,2669.60009765625,2677.10009765625,17498
2026-05-12 07:30:00+00:00,2663.0,2672.0,2661.89990234375,2670.60009765625,25536
2026-05-12 07:45:00+00:00,2662.5,2669.39990234375,2660.0,2662.89990234375,13658
2026-05-12 08:00:00+00:00,2653.10009765625,2664.10009765625,2653.10009765625,2662.10009765625,17724
2026-05-12 08:15:00+00:00,2651.10009765625,2659.60009765625,2648.800048828125,2653.10009765625,14957
2026-05-12 08:30:00+00:00,2646.10009765625,2658.699951171875,2646.10009765625,2652.300048828125,27142
2026-05-12 08:45:00+00:00,2647.199951171875,2652.699951171875,2646.0,2647.0,12571
2026-05-12 09:00:00+00:00,2643.199951171875,2649.199951171875,2642.0,2646.89990234375,16273
2026-05-12 09:15:00+00:00,2632.89990234375,2645.10009765625,2632.0,2643.199951171875,22912
2026-05-12 09:30:00+00:00,2629.199951171875,2635.60009765625,2623.39990234375,2633.0,72875
2026-05-12 09:45:00+00:00,2649.800048828125,2650.0,2629.89990234375,2629.89990234375,86089
2026-05-13 03:45:00+00:00,2661.39990234375,2667.199951171875,2635.199951171875,2635.199951171875,17890
2026-05-13 04:00:00+00:00,2652.199951171875,2670.39990234375,2640.60009765625,2661.199951171875,36551
2026-05-13 04:15:00+00:00,2658.89990234375,2663.300048828125,2648.300048828125,2652.199951171875,16760
2026-05-13 04:30:00+00:00,2667.89990234375,2673.0,2657.39990234375,2658.199951171875,20905
2026-05-13 04:45:00+00:00,2672.89990234375,2689.199951171875,2666.699951171875,2666.89990234375,37962
2026-05-13 05:00:00+00:00,2666.800048828125,2677.0,2665.800048828125,2672.89990234375,18194
2026-05-13 05:15:00+00:00,2667.199951171875,2675.0,2666.10009765625,2666.800048828125,8540
2026-05-13 05:30:00+00:00,2659.39990234375,2667.10009765625,2656.89990234375,2666.39990234375,7945
2026-05-13 05:45:00+00:00,2649.5,2668.199951171875,2647.60009765625,2659.60009765625,12373
2026-05-13 06:00:00+00:00,2655.0,2658.800048828125,2646.699951171875,2649.5,20465
2026-05-13 06:15:00+00:00,2655.10009765625,2663.0,2648.300048828125,2654.60009765625,69726
2026-05-13 06:30:00+00:00,2659.89990234375,2660.0,2650.0,2653.89990234375,46684
2026-05-13 06:45:00+00:00,2659.0,2663.5,2657.60009765625,2660.199951171875,13921
2026-05-13 07:00:00+00:00,2655.699951171875,2664.0,2655.699951171875,2659.0,9670
2026-05-13 07:15:00+00:00,2667.699951171875,2667.699951171875,2654.0,2655.699951171875,17419
2026-05-13 07:30:00+00:00,2664.800048828125,2669.39990234375,2663.39990234375,2669.0,6813
2026-05-13 07:45:00+00:00,2662.300048828125,2665.699951171875,2660.39990234375,2664.800048828125,4725
2026-05-13 08:00:00+00:00,2666.0,2671.39990234375,2661.300048828125,2662.0,9273
2026-05-13 08:15:00+00:00,2660.89990234375,2670.0,2657.10009765625,2665.60009765625,9090
2026-05-13 08:30:00+00:00,2674.89990234375,2675.0,2658.89990234375,2660.89990234375,11726
2026-05-13 08:45:00+00:00,2668.800048828125,2675.0,2665.199951171875,2675.0,9392
2026-05-13 09:00:00+00:00,2670.0,2671.39990234375,2664.0,2668.5,7010
2026-05-13 09:15:00+00:00,2661.60009765625,2671.199951171875,2660.300048828125,2669.5,12808
2026-05-13 09:30:00+00:00,2650.39990234375,2660.5,2649.300048828125,2660.5,45841
2026-05-13 09:45:00+00:00,2652.300048828125,2660.60009765625,2646.39990234375,2650.10009765625,48345
2026-05-14 03:45:00+00:00,2670.0,2678.10009765625,2657.5,2670.5,22624
2026-05-14 04:00:00+00:00,2640.199951171875,2674.0,2640.199951171875,2671.300048828125,17011
2026-05-14 04:15:00+00:00,2620.199951171875,2643.39990234375,2618.60009765625,2640.199951171875,31192
2026-05-14 04:30:00+00:00,2639.60009765625,2641.60009765625,2619.0,2620.199951171875,18743
2026-05-14 04:45:00+00:00,2638.0,2649.699951171875,2637.89990234375,2641.0,14151
2026-05-14 05:00:00+00:00,2641.199951171875,2646.89990234375,2638.0,2639.39990234375,10395
2026-05-14 05:15:00+00:00,2634.5,2644.0,2633.800048828125,2642.10009765625,10367
2026-05-14 05:30:00+00:00,2629.89990234375,2635.699951171875,2626.0,2635.300048828125,13983
2026-05-14 05:45:00+00:00,2634.0,2640.39990234375,2627.39990234375,2627.39990234375,47586
2026-05-14 06:00:00+00:00,2649.300048828125,2649.300048828125,2632.0,2633.60009765625,46679
2026-05-14 06:15:00+00:00,2652.0,2665.0,2644.60009765625,2648.60009765625,71196
2026-05-14 06:30:00+00:00,2652.300048828125,2658.10009765625,2648.0,2652.0,44029
2026-05-14 06:45:00+00:00,2674.89990234375,2677.199951171875,2652.699951171875,2652.699951171875,45140
2026-05-14 07:00:00+00:00,2670.60009765625,2675.60009765625,2666.300048828125,2674.89990234375,21038
2026-05-14 07:15:00+00:00,2669.199951171875,2671.39990234375,2664.89990234375,2670.60009765625,10904
2026-05-14 07:30:00+00:00,2675.699951171875,2677.699951171875,2669.10009765625,2670.10009765625,9991
2026-05-14 07:45:00+00:00,2675.0,2683.300048828125,2670.0,2675.5,11609
2026-05-14 08:00:00+00:00,2679.5,2681.60009765625,2675.0,2677.0,7513
2026-05-14 08:15:00+00:00,2676.199951171875,2679.699951171875,2672.199951171875,2678.89990234375,16847
2026-05-14 08:30:00+00:00,2683.89990234375,2686.300048828125,2677.5,2677.5,15463
2026-05-14 08:45:00+00:00,2679.89990234375,2685.10009765625,2675.10009765625,2682.89990234375,24726
2026-05-14 09:00:00+00:00,2681.800048828125,2687.60009765625,2680.199951171875,2681.300048828125,14641
2026-05-14 09:15:00+00:00,2689.39990234375,2691.5,2678.60009765625,2682.199951171875,25246
2026-05-14 09:30:00+00:00,2686.39990234375,2690.60009765625,2685.0,2687.89990234375,32510
2026-05-14 09:45:00+00:00,2691.60009765625,2704.89990234375,2683.89990234375,2686.5,38599
2026-05-15 03:45:00+00:00,2717.0,2719.0,2701.800048828125,2704.10009765625,12653
2026-05-15 04:00:00+00:00,2729.699951171875,2730.0,2713.0,2716.800048828125,41337
2026-05-15 04:15:00+00:00,2734.39990234375,2738.39990234375,2729.39990234375,2731.199951171875,23262
2026-05-15 04:30:00+00:00,2724.10009765625,2734.199951171875,2724.0,2733.89990234375,11348
2026-05-15 04:45:00+00:00,2718.0,2728.5,2716.89990234375,2724.89990234375,8826
2026-05-15 05:00:00+00:00,2727.699951171875,2731.39990234375,2716.0,2718.800048828125,11032
2026-05-15 05:15:00+00:00,2736.199951171875,2737.800048828125,2727.800048828125,2728.10009765625,12581
2026-05-15 05:30:00+00:00,2728.199951171875,2737.5,2725.300048828125,2736.199951171875,10299
2026-05-15 05:45:00+00:00,2715.89990234375,2728.5,2713.699951171875,2728.199951171875,8842
2026-05-15 06:00:00+00:00,2715.39990234375,2718.89990234375,2712.0,2714.800048828125,5294
2026-05-15 06:15:00+00:00,2716.89990234375,2721.39990234375,2713.89990234375,2716.10009765625,4976
2026-05-15 06:30:00+00:00,2716.60009765625,2724.0,2713.800048828125,2716.89990234375,8021
2026-05-15 06:45:00+00:00,2700.0,2716.699951171875,2699.89990234375,2716.60009765625,48031
2026-05-15 07:00:00+00:00,2715.60009765625,2717.39990234375,2700.300048828125,2700.300048828125,21041
2026-05-15 07:15:00+00:00,2719.699951171875,2720.89990234375,2713.60009765625,2716.0,14726
2026-05-15 07:30:00+00:00,2720.0,2721.699951171875,2718.39990234375,2720.0,5547
2026-05-15 07:45:00+00:00,2714.0,2720.0,2711.39990234375,2719.60009765625,6688
2026-05-15 08:00:00+00:00,2708.300048828125,2714.89990234375,2706.39990234375,2714.39990234375,10257
2026-05-15 08:15:00+00:00,2709.10009765625,2711.89990234375,2703.5,2708.699951171875,9057
2026-05-15 08:30:00+00:00,2712.800048828125,2713.10009765625,2704.0,2708.10009765625,9941
2026-05-15 08:45:00+00:00,2707.89990234375,2713.0,2705.39990234375,2711.5,7236
2026-05-15 09:00:00+00:00,2714.60009765625,2716.89990234375,2704.60009765625,2708.300048828125,23248
2026-05-15 09:15:00+00:00,2708.5,2713.0,2700.5,2713.0,25898
2026-05-15 09:30:00+00:00,2706.199951171875,2711.10009765625,2703.0,2708.300048828125,28213
2026-05-15 09:45:00+00:00,2703.5,2709.199951171875,2691.0,2706.5,45691
2026-05-18 03:45:00+00:00,2629.0,2656.39990234375,2625.0,2656.39990234375,26236
2026-05-18 04:00:00+00:00,2621.0,2633.10009765625,2619.89990234375,2628.800048828125,49250
2026-05-18 04:15:00+00:00,2613.199951171875,2625.300048828125,2602.199951171875,2620.89990234375,62302
2026-05-18 04:30:00+00:00,2620.89990234375,2622.0,2610.0,2613.699951171875,20274
2026-05-18 04:45:00+00:00,2614.0,2623.300048828125,2614.0,2620.199951171875,12953
2026-05-18 05:00:00+00:00,2619.699951171875,2622.5,2605.800048828125,2614.5,40493
2026-05-18 05:15:00+00:00,2617.39990234375,2620.199951171875,2615.300048828125,2619.89990234375,8303
2026-05-18 05:30:00+00:00,2618.60009765625,2620.89990234375,2615.10009765625,2617.39990234375,10834
2026-05-18 05:45:00+00:00,2622.0,2622.60009765625,2618.0,2618.89990234375,16503
2026-05-18 06:00:00+00:00,2615.300048828125,2626.89990234375,2613.800048828125,2621.699951171875,64351
2026-05-18 06:15:00+00:00,2603.10009765625,2619.699951171875,2602.39990234375,2615.800048828125,23736
2026-05-18 06:30:00+00:00,2608.89990234375,2609.39990234375,2600.699951171875,2603.199951171875,11537
2026-05-18 06:45:00+00:00,2603.39990234375,2610.60009765625,2600.10009765625,2609.5,61537
2026-05-18 07:00:00+00:00,2613.10009765625,2622.0,2602.39990234375,2603.39990234375,23368
2026-05-18 07:15:00+00:00,2624.800048828125,2627.300048828125,2612.800048828125,2613.60009765625,20381
2026-05-18 07:30:00+00:00,2634.5,2636.5,2620.199951171875,2624.800048828125,81970
2026-05-18 07:45:00+00:00,2637.0,2640.0,2627.800048828125,2634.300048828125,21299
2026-05-18 08:00:00+00:00,2640.10009765625,2641.60009765625,2634.0,2636.89990234375,18701
2026-05-18 08:15:00+00:00,2639.800048828125,2643.800048828125,2636.0,2640.39990234375,23321
2026-05-18 08:30:00+00:00,2640.300048828125,2641.89990234375,2635.800048828125,2639.39990234375,22132
2026-05-18 08:45:00+00:00,2638.0,2641.10009765625,2636.60009765625,2640.800048828125,12043
2026-05-18 09:00:00+00:00,2628.0,2640.89990234375,2628.0,2637.699951171875,47771
2026-05-18 09:15:00+00:00,2619.199951171875,2635.0,2618.800048828125,2628.0,19827
2026-05-18 09:30:00+00:00,2618.699951171875,2636.0,2618.300048828125,2620.89990234375,147394
2026-05-18 09:45:00+00:00,2617.0,2627.0,2615.5,2617.699951171875,109065
2026-05-19 03:45:00+00:00,2636.0,2636.0,2600.89990234375,2623.10009765625,46088
2026-05-19 04:00:00+00:00,2649.89990234375,2651.199951171875,2620.699951171875,2637.300048828125,27489
2026-05-19 04:15:00+00:00,2637.199951171875,2651.0,2636.0,2649.5,16220
2026-05-19 04:30:00+00:00,2639.199951171875,2642.199951171875,2633.300048828125,2635.10009765625,13448
2026-05-19 04:45:00+00:00,2640.10009765625,2646.699951171875,2629.10009765625,2638.699951171875,12232
2026-05-19 05:00:00+00:00,2646.60009765625,2649.89990234375,2639.0,2639.699951171875,7657
2026-05-19 05:15:00+00:00,2652.699951171875,2656.0,2647.0,2647.0,7097
2026-05-19 05:30:00+00:00,2649.39990234375,2654.10009765625,2647.199951171875,2653.60009765625,6721
2026-05-19 05:45:00+00:00,2650.699951171875,2653.199951171875,2642.300048828125,2648.89990234375,8742
2026-05-19 06:00:00+00:00,2656.199951171875,2658.60009765625,2648.699951171875,2650.0,11580
2026-05-19 06:15:00+00:00,2670.60009765625,2674.699951171875,2655.199951171875,2656.39990234375,30718
2026-05-19 06:30:00+00:00,2673.89990234375,2673.89990234375,2666.800048828125,2669.5,10180
2026-05-19 06:45:00+00:00,2672.699951171875,2673.89990234375,2661.10009765625,2673.89990234375,9288
2026-05-19 07:00:00+00:00,2685.699951171875,2689.0,2670.89990234375,2672.60009765625,32505
2026-05-19 07:15:00+00:00,2684.0,2686.89990234375,2680.60009765625,2685.800048828125,16453
2026-05-19 07:30:00+00:00,2683.39990234375,2687.800048828125,2681.10009765625,2684.0,18968
2026-05-19 07:45:00+00:00,2690.5,2692.89990234375,2682.300048828125,2682.699951171875,20835
2026-05-19 08:00:00+00:00,2689.60009765625,2695.0,2683.199951171875,2690.300048828125,22558
2026-05-19 08:15:00+00:00,2691.0,2695.800048828125,2689.300048828125,2689.89990234375,19922
2026-05-19 08:30:00+00:00,2680.0,2692.89990234375,2678.300048828125,2690.5,22010
2026-05-19 08:45:00+00:00,2676.10009765625,2685.89990234375,2676.0,2679.10009765625,22721
2026-05-19 09:00:00+00:00,2664.199951171875,2677.0,2664.199951171875,2676.0,21791
2026-05-19 09:15:00+00:00,2663.60009765625,2667.60009765625,2662.199951171875,2664.199951171875,21066
2026-05-19 09:30:00+00:00,2663.0,2669.89990234375,2661.10009765625,2663.60009765625,41425
2026-05-19 09:45:00+00:00,2658.5,2663.0,2642.699951171875,2663.0,101218
